impd,spp,grid,tl,w,spine,count,tag
MILR,BCF,566,140,,,1,
MILR,BCF,253,140,,,1,
MILR,BCF,394,150,,,1,
MILR,BCF,752,150,,,1,
MILR,BCF,604,150,,,1,
MILR,BCF,555,150,,,2,
MILR,BCF,514,150,,,1,
MILR,BCF,682,150,,,1,
MILR,BCF,411,150,,,1,
MILR,BCF,175,150,,,1,
MILR,BCF,514,160,,,2,
MILR,BCF,480,160,,,1,
MILR,BCF,566,160,,,1,
MILR,BCF,299,160,,,1,
MILR,BCF,332,160,,,1,
MILR,BCF,394,160,,,1,
MILR,BCF,520,160,,,3,
MILR,BCF,566,160,,,2,
MILR,BCF,480,160,,,1,
MILR,BCF,752,160,,,2,
MILR,BCF,555,160,,,1,
MILR,BCF,514,160,,,2,
MILR,BCF,519,160,,,1,
MILR,BCF,637,160,,,2,
MILR,BCF,296,160,,,2,
MILR,BCF,295,160,,,1,
MILR,BCF,421,160,,,1,
MILR,BCF,637,160,,,4,
MILR,BCF,296,160,,,1,
MILR,BCF,536,160,,,1,
MILR,BCF,411,160,,,5,
MILR,BCF,224,160,,,1,
MILR,BCF,253,160,,,1,
MILR,BCF,175,160,,,1,
MILR,BCF,514,170,,,5,
MILR,BCF,752,170,,,2,
MILR,BCF,520,170,,,1,
MILR,BCF,665,170,,,2,
MILR,BCF,299,170,,,2,
MILR,BCF,520,170,,,1,
MILR,BCF,566,170,,,1,
MILR,BCF,480,170,,,1,
MILR,BCF,752,170,,,2,
MILR,BCF,790,170,,,1,
MILR,BCF,555,170,,,1,
MILR,BCF,514,170,,,2,
MILR,BCF,610,170,,,1,
MILR,BCF,519,170,,,1,
MILR,BCF,739,170,,,1,
MILR,BCF,637,170,,,3,
MILR,BCF,420,170,,,2,
MILR,BCF,421,170,,,1,
MILR,BCF,637,170,,,3,
MILR,BCF,296,170,,,2,
MILR,BCF,739,170,,,1,
MILR,BCF,349,170,,,1,
MILR,BCF,224,170,,,1,
MILR,BCF,253,170,,,1,
MILR,BCF,100,170,,,1,
MILR,BCF,344,170,,,1,
MILR,BCF,458,170,,,3,
MILR,BCF,149,170,,,1,
MILR,BCF,605,180,,,1,
MILR,BCF,514,180,,,2,
MILR,BCF,784,180,,,1,
MILR,BCF,752,180,,,1,
MILR,BCF,480,180,,,3,
MILR,BCF,665,180,,,3,
MILR,BCF,566,180,,,1,
MILR,BCF,794,180,,,1,
MILR,BCF,752,180,,,1,
MILR,BCF,555,180,,,1,
MILR,BCF,514,180,,,3,
MILR,BCF,519,180,,,1,
MILR,BCF,505,180,,,1,
MILR,BCF,739,180,,,1,
MILR,BCF,682,180,,,1,
MILR,BCF,637,180,,,2,
MILR,BCF,420,180,,,1,
MILR,BCF,637,180,,,3,
MILR,BCF,296,180,,,2,
MILR,BCF,455,180,,,1,
MILR,BCF,411,180,,,7,
MILR,BCF,253,180,,,1,
MILR,BCF,158,180,,,1,
MILR,BCF,100,180,,,2,
MILR,BCF,343,180,,,1,
MILR,BCF,202,180,,,1,
MILR,BCF,514,190,,,1,
MILR,BCF,480,190,,,1,
MILR,BCF,665,190,,,1,
MILR,BCF,514,190,,,1,
MILR,BCF,519,190,,,1,
MILR,BCF,637,190,,,2,
MILR,BCF,420,190,,,1,
MILR,BCF,421,190,,,1,
MILR,BCF,637,190,,,2,
MILR,BCF,739,190,,,1,
MILR,BCF,682,190,,,1,
MILR,BCF,354,190,,,2,
MILR,BCF,452,190,,,2,
MILR,BCF,411,190,,,5,
MILR,BCF,224,190,,,1,
MILR,BCF,68,190,,,1,
MILR,BCF,605,200,,,1,
MILR,BCF,514,200,,,4,
MILR,BCF,555,200,,,1,
MILR,BCF,354,200,,,1,
MILR,BCF,332,200,,,1,
MILR,BCF,480,200,,,4,
MILR,BCF,752,200,,,2,
MILR,BCF,790,200,,,1,
MILR,BCF,604,200,,,2,
MILR,BCF,555,200,,,2,
MILR,BCF,514,200,,,7,
MILR,BCF,610,200,,,1,
MILR,BCF,744,200,,,1,
MILR,BCF,739,200,,,1,
MILR,BCF,420,200,,,1,
MILR,BCF,739,200,,,2,
MILR,BCF,536,200,,,1,
MILR,BCF,411,200,,,3,
MILR,BCF,224,200,,,1,
MILR,BCF,605,210,,,6,
MILR,BCF,514,210,,,15,
MILR,BCF,784,210,,,1,
MILR,BCF,794,210,,,1,
MILR,BCF,752,210,,,1,
MILR,BCF,520,210,,,1,
MILR,BCF,480,210,,,2,
MILR,BCF,555,210,,,1,
MILR,BCF,354,210,,,3,
MILR,BCF,299,210,,,1,
MILR,BCF,332,210,,,1,
MILR,BCF,520,210,,,2,
MILR,BCF,566,210,,,3,
MILR,BCF,480,210,,,4,
MILR,BCF,752,210,,,1,
MILR,BCF,551,210,,,1,
MILR,BCF,604,210,,,8,
MILR,BCF,555,210,,,3,
MILR,BCF,514,210,,,29,
MILR,BCF,519,210,,,2,
MILR,BCF,744,210,,,2,
MILR,BCF,739,210,,,7,
MILR,BCF,682,210,,,1,
MILR,BCF,637,210,,,3,
MILR,BCF,421,210,,,3,
MILR,BCF,420,210,,,1,
MILR,BCF,420,210,,,2,
MILR,BCF,421,210,,,2,
MILR,BCF,637,210,,,2,
MILR,BCF,296,210,,,1,
MILR,BCF,739,210,,,6,
MILR,BCF,682,210,,,3,
MILR,BCF,299,210,,,1,
MILR,BCF,354,210,,,3,
MILR,BCF,744,210,,,1,
MILR,BCF,576,210,,,1,
MILR,BCF,534,210,,,1,
MILR,BCF,411,210,,,5,
MILR,BCF,285,210,,,1,
MILR,BCF,458,210,,,1,
MILR,BCF,193,210,,,1,
MILR,BCF,216,210,,,1,
MILR,BCF,605,220,,,17,
MILR,BCF,514,220,,,22,
MILR,BCF,784,220,,,2,
MILR,BCF,752,220,,,2,
MILR,BCF,520,220,,,2,
MILR,BCF,480,220,,,11,
MILR,BCF,566,220,,,2,
MILR,BCF,665,220,,,4,
MILR,BCF,552,220,,,2,
MILR,BCF,555,220,,,9,
MILR,BCF,354,220,,,12,
MILR,BCF,299,220,,,1,
MILR,BCF,332,220,,,2,
MILR,BCF,394,220,,,2,
MILR,BCF,519,220,,,2,
MILR,BCF,566,220,,,2,
MILR,BCF,480,220,,,10,
MILR,BCF,777,220,,,1,
MILR,BCF,752,220,,,2,
MILR,BCF,551,220,,,1,
MILR,BCF,604,220,,,11,
MILR,BCF,555,220,,,9,
MILR,BCF,514,220,,,27,
MILR,BCF,439,220,,,1,
MILR,BCF,519,220,,,1,
MILR,BCF,505,220,,,1,
MILR,BCF,689,220,,,1,
MILR,BCF,739,220,,,12,
MILR,BCF,682,220,,,3,
MILR,BCF,637,220,,,1,
MILR,BCF,296,220,,,2,
MILR,BCF,421,220,,,1,
MILR,BCF,420,220,,,2,
MILR,BCF,420,220,,,3,
MILR,BCF,421,220,,,3,
MILR,BCF,637,220,,,1,
MILR,BCF,739,220,,,11,
MILR,BCF,682,220,,,5,
MILR,BCF,320,220,,,1,
MILR,BCF,299,220,,,4,
MILR,BCF,332,220,,,2,
MILR,BCF,354,220,,,13,
MILR,BCF,357,220,,,1,
MILR,BCF,744,220,,,1,
MILR,BCF,534,220,,,2,
MILR,BCF,536,220,,,3,
MILR,BCF,452,220,,,1,
MILR,BCF,411,220,,,12,
MILR,BCF,458,220,,,3,
MILR,BCF,130,220,,,1,
MILR,BCF,149,220,,,1,
MILR,BCF,216,220,,,2,
MILR,BCF,202,220,,,1,
MILR,BCF,605,230,,,15,
MILR,BCF,514,230,,,20,
MILR,BCF,610,230,,,2,
MILR,BCF,790,230,,,1,
MILR,BCF,752,230,,,3,
MILR,BCF,520,230,,,2,
MILR,BCF,480,230,,,13,
MILR,BCF,566,230,,,2,
MILR,BCF,665,230,,,1,
MILR,BCF,552,230,,,1,
MILR,BCF,555,230,,,2,
MILR,BCF,354,230,,,8,
MILR,BCF,299,230,,,3,
MILR,BCF,394,230,,,1,
MILR,BCF,392,230,,,1,
MILR,BCF,519,230,,,3,
MILR,BCF,520,230,,,3,
MILR,BCF,566,230,,,1,
MILR,BCF,480,230,,,12,
MILR,BCF,777,230,,,1,
MILR,BCF,665,230,,,2,
MILR,BCF,752,230,,,2,
MILR,BCF,790,230,,,2,
MILR,BCF,604,230,,,11,
MILR,BCF,555,230,,,4,
MILR,BCF,514,230,,,14,
MILR,BCF,439,230,,,1,
MILR,BCF,519,230,,,4,
MILR,BCF,504,230,,,1,
MILR,BCF,744,230,,,4,
MILR,BCF,689,230,,,1,
MILR,BCF,739,230,,,12,
MILR,BCF,682,230,,,4,
MILR,BCF,637,230,,,5,
MILR,BCF,296,230,,,1,
MILR,BCF,295,230,,,2,
MILR,BCF,421,230,,,4,
MILR,BCF,232,230,,,1,
MILR,BCF,420,230,,,2,
MILR,BCF,420,230,,,2,
MILR,BCF,421,230,,,5,
MILR,BCF,637,230,,,1,
MILR,BCF,739,230,,,12,
MILR,BCF,682,230,,,3,
MILR,BCF,505,230,,,1,
MILR,BCF,392,230,,,1,
MILR,BCF,394,230,,,1,
MILR,BCF,304,230,,,1,
MILR,BCF,299,230,,,2,
MILR,BCF,332,230,,,1,
MILR,BCF,354,230,,,17,
MILR,BCF,357,230,,,1,
MILR,BCF,744,230,,,2,
MILR,BCF,576,230,,,2,
MILR,BCF,457,230,,,1,
MILR,BCF,534,230,,,1,
MILR,BCF,536,230,,,1,
MILR,BCF,455,230,,,1,
MILR,BCF,411,230,,,18,
MILR,BCF,310,230,,,2,
MILR,BCF,224,230,,,2,
MILR,BCF,253,230,,,2,
MILR,BCF,158,230,,,1,
MILR,BCF,100,230,,,1,
MILR,BCF,285,230,,,3,
MILR,BCF,314,230,,,3,
MILR,BCF,458,230,,,8,
MILR,BCF,376,230,,,2,
MILR,BCF,174,230,,,1,
MILR,BCF,68,230,,,1,
MILR,BCF,149,230,,,1,
MILR,BCF,514,233,,,1,520
MILR,BCF,605,240,,,14,
MILR,BCF,514,240,,,5,
MILR,BCF,338,240,,,1,
MILR,BCF,610,240,,,1,
MILR,BCF,790,240,,,1,
MILR,BCF,777,240,,,1,
MILR,BCF,752,240,,,4,
MILR,BCF,520,240,,,1,
MILR,BCF,480,240,,,4,
MILR,BCF,665,240,,,2,
MILR,BCF,555,240,,,1,
MILR,BCF,354,240,,,9,
MILR,BCF,519,240,,,1,
MILR,BCF,520,240,,,2,
MILR,BCF,566,240,,,1,
MILR,BCF,480,240,,,6,
MILR,BCF,794,240,,,1,
MILR,BCF,752,240,,,2,
MILR,BCF,604,240,,,9,
MILR,BCF,555,240,,,5,
MILR,BCF,514,240,,,13,
MILR,BCF,610,240,,,1,
MILR,BCF,439,240,,,1,
MILR,BCF,439,240,,,1,
MILR,BCF,519,240,,,1,
MILR,BCF,689,240,,,3,
MILR,BCF,739,240,,,17,
MILR,BCF,682,240,,,3,
MILR,BCF,296,240,,,1,
MILR,BCF,421,240,,,2,
MILR,BCF,420,240,,,3,
MILR,BCF,464,240,,,1,
MILR,BCF,739,240,,,5,
MILR,BCF,682,240,,,7,
MILR,BCF,504,240,,,1,
MILR,BCF,299,240,,,1,
MILR,BCF,332,240,,,1,
MILR,BCF,354,240,,,17,
MILR,BCF,576,240,,,1,
MILR,BCF,630,240,,,1,
MILR,BCF,534,240,,,1,
MILR,BCF,536,240,,,3,
MILR,BCF,452,240,,,1,
MILR,BCF,411,240,,,17,
MILR,BCF,310,240,,,1,
MILR,BCF,224,240,,,3,
MILR,BCF,253,240,,,1,
MILR,BCF,100,240,,,1,
MILR,BCF,285,240,,,3,
MILR,BCF,344,240,,,1,
MILR,BCF,376,240,,,1,
MILR,BCF,174,240,,,1,
MILR,BCF,175,240,,,1,
MILR,BCF,68,240,,,1,
MILR,BCF,130,240,,,1,
MILR,BCF,149,240,,,1,
MILR,BCF,202,240,,,1,
MILR,BCF,605,250,,,10,
MILR,BCF,514,250,,,3,
MILR,BCF,777,250,,,1,
MILR,BCF,480,250,,,8,
MILR,BCF,566,250,,,2,
MILR,BCF,665,250,,,1,
MILR,BCF,555,250,,,1,
MILR,BCF,354,250,,,5,
MILR,BCF,299,250,,,1,
MILR,BCF,394,250,,,2,
MILR,BCF,304,250,,,1,
MILR,BCF,519,250,,,1,
MILR,BCF,520,250,,,1,
MILR,BCF,566,250,,,1,
MILR,BCF,480,250,,,7,
MILR,BCF,777,250,,,1,
MILR,BCF,552,250,,,1,
MILR,BCF,604,250,,,12,
MILR,BCF,555,250,,,1,
MILR,BCF,514,250,,,6,
MILR,BCF,519,250,,,1,
MILR,BCF,504,250,,,1,
MILR,BCF,689,250,,,2,
MILR,BCF,739,250,,,6,
MILR,BCF,682,250,,,1,
MILR,BCF,296,250,,,1,
MILR,BCF,420,250,,,1,
MILR,BCF,420,250,,,1,
MILR,BCF,637,250,,,1,
MILR,BCF,739,250,,,6,
MILR,BCF,682,250,,,3,
MILR,BCF,320,250,,,1,
MILR,BCF,299,250,,,1,
MILR,BCF,354,250,,,11,
MILR,BCF,357,250,,,1,
MILR,BCF,744,250,,,1,
MILR,BCF,630,250,,,1,
MILR,BCF,457,250,,,1,
MILR,BCF,536,250,,,2,
MILR,BCF,411,250,,,16,
MILR,BCF,224,250,,,1,
MILR,BCF,253,250,,,4,
MILR,BCF,158,250,,,1,
MILR,BCF,100,250,,,2,
MILR,BCF,458,250,,,8,
MILR,BCF,174,250,,,1,
MILR,BCF,175,250,,,2,
MILR,BCF,68,250,,,4,
MILR,BCF,130,250,,,1,
MILR,BCF,149,250,,,1,
MILR,BCF,202,250,,,1,
MILR,BCF,605,260,,,7,
MILR,BCF,514,260,,,6,
MILR,BCF,770,260,,,1,
MILR,BCF,790,260,,,1,
MILR,BCF,520,260,,,1,
MILR,BCF,480,260,,,7,
MILR,BCF,665,260,,,1,
MILR,BCF,552,260,,,1,
MILR,BCF,555,260,,,1,
MILR,BCF,354,260,,,7,
MILR,BCF,429,260,,,1,
MILR,BCF,520,260,,,2,
MILR,BCF,566,260,,,1,
MILR,BCF,480,260,,,8,
MILR,BCF,665,260,,,2,
MILR,BCF,752,260,,,1,
MILR,BCF,604,260,,,13,
MILR,BCF,555,260,,,1,
MILR,BCF,514,260,,,8,
MILR,BCF,439,260,,,2,
MILR,BCF,519,260,,,4,
MILR,BCF,505,260,,,2,
MILR,BCF,689,260,,,3,
MILR,BCF,739,260,,,11,
MILR,BCF,682,260,,,4,
MILR,BCF,296,260,,,2,
MILR,BCF,295,260,,,1,
MILR,BCF,421,260,,,2,
MILR,BCF,420,260,,,1,
MILR,BCF,739,260,,,11,
MILR,BCF,682,260,,,2,
MILR,BCF,392,260,,,1,
MILR,BCF,332,260,,,1,
MILR,BCF,354,260,,,13,
MILR,BCF,744,260,,,1,
MILR,BCF,630,260,,,1,
MILR,BCF,536,260,,,1,
MILR,BCF,540,260,,,1,
MILR,BCF,455,260,,,1,
MILR,BCF,411,260,,,7,
MILR,BCF,224,260,,,2,
MILR,BCF,253,260,,,1,
MILR,BCF,103,260,,,1,
MILR,BCF,100,260,,,1,
MILR,BCF,285,260,,,2,
MILR,BCF,343,260,,,1,
MILR,BCF,68,260,,,1,
MILR,BCF,193,260,,,1,
MILR,BCF,202,260,,,2,
MILR,BCF,179,260,,,1,
MILR,BCF,605,270,,,18,
MILR,BCF,514,270,,,5,
MILR,BCF,610,270,,,1,
MILR,BCF,770,270,,,1,
MILR,BCF,790,270,,,1,
MILR,BCF,752,270,,,1,
MILR,BCF,520,270,,,2,
MILR,BCF,480,270,,,10,
MILR,BCF,566,270,,,4,
MILR,BCF,555,270,,,2,
MILR,BCF,354,270,,,14,
MILR,BCF,299,270,,,3,
MILR,BCF,394,270,,,2,
MILR,BCF,735,270,,,1,
MILR,BCF,519,270,,,2,
MILR,BCF,566,270,,,1,
MILR,BCF,480,270,,,6,
MILR,BCF,752,270,,,1,
MILR,BCF,552,270,,,1,
MILR,BCF,604,270,,,11,
MILR,BCF,555,270,,,2,
MILR,BCF,514,270,,,5,
MILR,BCF,610,270,,,1,
MILR,BCF,439,270,,,1,
MILR,BCF,519,270,,,2,
MILR,BCF,689,270,,,5,
MILR,BCF,739,270,,,14,
MILR,BCF,682,270,,,1,
MILR,BCF,420,270,,,4,
MILR,BCF,420,270,,,1,
MILR,BCF,421,270,,,3,
MILR,BCF,739,270,,,3,
MILR,BCF,504,270,,,1,
MILR,BCF,299,270,,,1,
MILR,BCF,354,270,,,11,
MILR,BCF,576,270,,,1,
MILR,BCF,457,270,,,1,
MILR,BCF,452,270,,,1,
MILR,BCF,411,270,,,6,
MILR,BCF,310,270,,,2,
MILR,BCF,158,270,,,1,
MILR,BCF,285,270,,,1,
MILR,BCF,458,270,,,6,
MILR,BCF,376,270,,,1,
MILR,BCF,130,270,,,3,
MILR,BCF,149,270,,,8,
MILR,BCF,179,270,,,1,
MILR,BCF,605,280,,,9,
MILR,BCF,514,280,,,1,
MILR,BCF,794,280,,,1,
MILR,BCF,777,280,,,1,
MILR,BCF,752,280,,,1,
MILR,BCF,520,280,,,3,
MILR,BCF,480,280,,,8,
MILR,BCF,566,280,,,3,
MILR,BCF,665,280,,,1,
MILR,BCF,555,280,,,2,
MILR,BCF,354,280,,,5,
MILR,BCF,299,280,,,2,
MILR,BCF,394,280,,,2,
MILR,BCF,392,280,,,1,
MILR,BCF,520,280,,,3,
MILR,BCF,566,280,,,1,
MILR,BCF,480,280,,,8,
MILR,BCF,777,280,,,2,
MILR,BCF,794,280,,,2,
MILR,BCF,790,280,,,1,
MILR,BCF,552,280,,,1,
MILR,BCF,604,280,,,7,
MILR,BCF,555,280,,,1,
MILR,BCF,514,280,,,4,
MILR,BCF,610,280,,,1,
MILR,BCF,439,280,,,1,
MILR,BCF,519,280,,,4,
MILR,BCF,744,280,,,2,
MILR,BCF,689,280,,,1,
MILR,BCF,739,280,,,6,
MILR,BCF,682,280,,,1,
MILR,BCF,464,280,,,1,
MILR,BCF,296,280,,,1,
MILR,BCF,421,280,,,2,
MILR,BCF,420,280,,,1,
MILR,BCF,637,280,,,1,
MILR,BCF,296,280,,,1,
MILR,BCF,739,280,,,7,
MILR,BCF,682,280,,,1,
MILR,BCF,320,280,,,1,
MILR,BCF,505,280,,,2,
MILR,BCF,429,280,,,3,
MILR,BCF,394,280,,,2,
MILR,BCF,354,280,,,8,
MILR,BCF,576,280,,,3,
MILR,BCF,630,280,,,1,
MILR,BCF,457,280,,,1,
MILR,BCF,534,280,,,2,
MILR,BCF,536,280,,,3,
MILR,BCF,455,280,,,1,
MILR,BCF,452,280,,,1,
MILR,BCF,411,280,,,13,
MILR,BCF,310,280,,,1,
MILR,BCF,224,280,,,3,
MILR,BCF,253,280,,,2,
MILR,BCF,103,280,,,1,
MILR,BCF,158,280,,,1,
MILR,BCF,285,280,,,2,
MILR,BCF,314,280,,,1,
MILR,BCF,344,280,,,1,
MILR,BCF,458,280,,,4,
MILR,BCF,174,280,,,2,
MILR,BCF,68,280,,,4,
MILR,BCF,130,280,,,3,
MILR,BCF,149,280,,,2,
MILR,BCF,216,280,,,1,
MILR,BCF,411,281,,,1,611
MILR,BCF,605,290,,,2,
MILR,BCF,514,290,,,3,
MILR,BCF,790,290,,,1,
MILR,BCF,520,290,,,2,
MILR,BCF,480,290,,,4,
MILR,BCF,566,290,,,2,
MILR,BCF,665,290,,,1,
MILR,BCF,354,290,,,2,
MILR,BCF,299,290,,,1,
MILR,BCF,394,290,,,2,
MILR,BCF,735,290,,,1,
MILR,BCF,480,290,,,6,
MILR,BCF,665,290,,,2,
MILR,BCF,794,290,,,1,
MILR,BCF,752,290,,,1,
MILR,BCF,604,290,,,3,
MILR,BCF,514,290,,,1,
MILR,BCF,610,290,,,2,
MILR,BCF,439,290,,,1,
MILR,BCF,519,290,,,2,
MILR,BCF,744,290,,,4,
MILR,BCF,739,290,,,2,
MILR,BCF,423,290,,,1,
MILR,BCF,739,290,,,1,
MILR,BCF,682,290,,,1,
MILR,BCF,504,290,,,1,
MILR,BCF,392,290,,,1,
MILR,BCF,304,290,,,1,
MILR,BCF,332,290,,,1,
MILR,BCF,354,290,,,4,
MILR,BCF,457,290,,,3,
MILR,BCF,534,290,,,1,
MILR,BCF,536,290,,,1,
MILR,BCF,540,290,,,1,
MILR,BCF,411,290,,,18,
MILR,BCF,310,290,,,2,
MILR,BCF,224,290,,,1,
MILR,BCF,253,290,,,5,
MILR,BCF,100,290,,,1,
MILR,BCF,285,290,,,2,
MILR,BCF,314,290,,,1,
MILR,BCF,343,290,,,1,
MILR,BCF,458,290,,,3,
MILR,BCF,376,290,,,1,
MILR,BCF,174,290,,,4,
MILR,BCF,68,290,,,10,
MILR,BCF,130,290,,,6,
MILR,BCF,149,290,,,2,
MILR,BCF,193,290,,,2,
MILR,BCF,216,290,,,2,
MILR,BCF,204,290,,,1,
MILR,BCF,605,300,,,1,
MILR,BCF,514,300,,,1,
MILR,BCF,610,300,,,1,
MILR,BCF,794,300,,,1,
MILR,BCF,480,300,,,3,
MILR,BCF,566,300,,,1,
MILR,BCF,299,300,,,1,
MILR,BCF,566,300,,,2,
MILR,BCF,480,300,,,3,
MILR,BCF,794,300,,,1,
MILR,BCF,790,300,,,1,
MILR,BCF,604,300,,,3,
MILR,BCF,514,300,,,1,
MILR,BCF,338,300,,,1,
MILR,BCF,739,300,,,2,
MILR,BCF,295,300,,,1,
MILR,BCF,423,300,,,1,
MILR,BCF,739,300,,,1,
MILR,BCF,682,300,,,2,
MILR,BCF,332,300,,,1,
MILR,BCF,354,300,,,2,
MILR,BCF,630,300,,,1,
MILR,BCF,457,300,,,1,
MILR,BCF,536,300,,,1,
MILR,BCF,455,300,,,1,
MILR,BCF,452,300,,,1,
MILR,BCF,411,300,,,16,
MILR,BCF,310,300,,,3,
MILR,BCF,224,300,,,1,
MILR,BCF,253,300,,,1,
MILR,BCF,121,300,,,1,
MILR,BCF,158,300,,,3,
MILR,BCF,100,300,,,1,
MILR,BCF,458,300,,,3,
MILR,BCF,376,300,,,1,
MILR,BCF,174,300,,,3,
MILR,BCF,175,300,,,1,
MILR,BCF,68,300,,,11,
MILR,BCF,130,300,,,6,
MILR,BCF,149,300,,,1,
MILR,BCF,193,300,,,3,
MILR,BCF,202,300,,,1,
MILR,BCF,605,310,,,1,
MILR,BCF,555,310,,,1,
MILR,BCF,735,310,,,1,
MILR,BCF,480,310,,,1,
MILR,BCF,610,310,,,1,
MILR,BCF,739,310,,,1,
MILR,BCF,420,310,,,1,
MILR,BCF,739,310,,,1,
MILR,BCF,429,310,,,1,
MILR,BCF,576,310,,,1,
MILR,BCF,457,310,,,2,
MILR,BCF,534,310,,,1,
MILR,BCF,536,310,,,2,
MILR,BCF,455,310,,,2,
MILR,BCF,411,310,,,7,
MILR,BCF,310,310,,,4,
MILR,BCF,224,310,,,3,
MILR,BCF,253,310,,,3,
MILR,BCF,121,310,,,1,
MILR,BCF,103,310,,,1,
MILR,BCF,158,310,,,1,
MILR,BCF,100,310,,,1,
MILR,BCF,285,310,,,3,
MILR,BCF,314,310,,,1,
MILR,BCF,343,310,,,1,
MILR,BCF,458,310,,,3,
MILR,BCF,174,310,,,2,
MILR,BCF,68,310,,,4,
MILR,BCF,130,310,,,2,
MILR,BCF,149,310,,,6,
MILR,BCF,216,310,,,2,
MILR,BCF,794,320,,,1,
MILR,BCF,739,320,,,2,
MILR,BCF,536,320,,,2,
MILR,BCF,411,320,,,7,
MILR,BCF,253,320,,,2,
MILR,BCF,158,320,,,1,
MILR,BCF,100,320,,,2,
MILR,BCF,314,320,,,1,
MILR,BCF,458,320,,,1,
MILR,BCF,376,320,,,1,
MILR,BCF,174,320,,,2,
MILR,BCF,68,320,,,3,
MILR,BCF,480,330,,,2,
MILR,BCF,536,330,,,1,
MILR,BCF,411,330,,,1,
MILR,BCF,224,330,,,1,
MILR,BCF,253,330,,,1,
MILR,BCF,100,330,,,1,
MILR,BCF,285,330,,,1,
MILR,BCF,175,330,,,1,
MILR,BCF,68,330,,,3,
MILR,BCF,130,330,,,2,
MILR,BCF,149,330,,,1,
MILR,BCF,193,330,,,1,
MILR,BCF,202,330,,,1,
MILR,BCF,411,340,,,1,
MILR,BCF,314,340,,,1,
MILR,BCF,68,340,,,4,
MILR,BCF,480,350,,,1,
MILR,BCF,752,350,,,1,
MILR,BCF,310,350,,,1,
MILR,BCF,338,360,,,1,
MILR,BCF,752,360,,,1,
MILR,BCF,480,360,,,1,
MILR,BCF,480,360,,,1,
MILR,BCF,536,360,,,1,
MILR,BCF,610,370,,,1,
MILR,BCF,455,370,,,1,
MILR,BCF,605,380,,,1,
MILR,BCF,480,380,,,1,
MILR,BCF,520,380,,,1,
MILR,BCF,555,380,,,1,
MILR,BCF,411,380,,,1,
MILR,BCF,158,380,,,1,
MILR,BCF,174,380,,,1,
MILR,BCF,68,380,,,2,
MILR,BCF,605,390,,,1,
MILR,BCF,566,390,,,2,
MILR,BCF,604,390,,,1,
MILR,BCF,296,390,,,1,
MILR,BCF,630,390,,,1,
MILR,BCF,457,390,,,1,
MILR,BCF,310,390,,,1,
MILR,BCF,343,390,,,1,
MILR,BCF,68,390,,,3,
MILR,BCF,130,390,,,2,
MILR,BCF,605,400,,,2,
MILR,BCF,480,400,,,1,
MILR,BCF,520,400,,,1,
MILR,BCF,480,400,,,1,
MILR,BCF,604,400,,,1,
MILR,BCF,299,400,,,1,
MILR,BCF,457,400,,,2,
MILR,BCF,411,400,,,2,
MILR,BCF,224,400,,,1,
MILR,BCF,100,400,,,3,
MILR,BCF,314,400,,,1,
MILR,BCF,376,400,,,1,
MILR,BCF,68,400,,,3,
MILR,BCF,130,400,,,1,
MILR,BCF,605,401,,,1,3627
MILR,BCF,610,410,,,1,
MILR,BCF,566,410,,,1,
MILR,BCF,520,410,,,1,
MILR,BCF,566,410,,,4,
MILR,BCF,604,410,,,1,
MILR,BCF,392,410,,,1,
MILR,BCF,457,410,,,1,
MILR,BCF,534,410,,,1,
MILR,BCF,540,410,,,1,
MILR,BCF,411,410,,,1,
MILR,BCF,310,410,,,1,
MILR,BCF,253,410,,,1,
MILR,BCF,103,410,,,1,
MILR,BCF,158,410,,,1,
MILR,BCF,100,410,,,1,
MILR,BCF,344,410,,,1,
MILR,BCF,458,410,,,1,
MILR,BCF,68,410,,,2,
MILR,BCF,130,410,,,1,
MILR,BCF,193,410,,,1,
MILR,BCF,179,410,,,1,
MILR,BCF,338,420,,,1,
MILR,BCF,566,420,,,2,
MILR,BCF,520,420,,,1,
MILR,BCF,566,420,,,1,
MILR,BCF,604,420,,,2,
MILR,BCF,338,420,,,1,
MILR,BCF,457,420,,,4,
MILR,BCF,253,420,,,2,
MILR,BCF,344,420,,,2,
MILR,BCF,343,420,,,1,
MILR,BCF,174,420,,,1,
MILR,BCF,68,420,,,3,
MILR,BCF,130,420,,,1,
MILR,BCF,179,420,,,1,
MILR,BCF,605,430,,,3,
MILR,BCF,610,430,,,2,
MILR,BCF,480,430,,,1,
MILR,BCF,566,430,,,1,
MILR,BCF,555,430,,,1,
MILR,BCF,392,430,,,1,
MILR,BCF,519,430,,,2,
MILR,BCF,604,430,,,1,
MILR,BCF,457,430,,,1,
MILR,BCF,411,430,,,1,
MILR,BCF,158,430,,,1,
MILR,BCF,285,430,,,1,
MILR,BCF,314,430,,,1,
MILR,BCF,174,430,,,1,
MILR,BCF,175,430,,,1,
MILR,BCF,130,430,,,1,
MILR,BCF,149,430,,,2,
MILR,BCF,193,430,,,1,
MILR,BCF,216,430,,,1,
MILR,BCF,179,430,,,1,
MILR,BCF,429,438,,,1,3716
MILR,BCF,480,440,,,4,
MILR,BCF,354,440,,,1,
MILR,BCF,429,440,,,1,
MILR,BCF,566,440,,,1,
MILR,BCF,752,440,,,1,
MILR,BCF,604,440,,,1,
MILR,BCF,630,440,,,1,
MILR,BCF,457,440,,,3,
MILR,BCF,540,440,,,1,
MILR,BCF,411,440,,,1,
MILR,BCF,224,440,,,1,
MILR,BCF,253,440,,,1,
MILR,BCF,121,440,,,1,
MILR,BCF,100,440,,,1,
MILR,BCF,68,440,,,3,
MILR,BCF,130,440,,,2,
MILR,BCF,202,440,,,1,
MILR,BCF,566,450,,,1,
MILR,BCF,566,450,,,1,
MILR,BCF,604,450,,,1,
MILR,BCF,338,450,,,1,
MILR,BCF,682,450,,,1,
MILR,BCF,354,450,,,2,
MILR,BCF,457,450,,,1,
MILR,BCF,310,450,,,1,
MILR,BCF,100,450,,,1,
MILR,BCF,344,450,,,1,
MILR,BCF,175,450,,,1,
MILR,BCF,130,450,,,1,
MILR,BCF,149,450,,,2,
MILR,BCF,605,460,,,4,
MILR,BCF,429,460,,,1,
MILR,BCF,520,460,,,1,
MILR,BCF,566,460,,,1,
MILR,BCF,480,460,,,1,
MILR,BCF,610,460,,,1,
MILR,BCF,745,460,,,1,
MILR,BCF,420,460,,,1,
MILR,BCF,505,460,,,1,
MILR,BCF,429,460,,,1,
MILR,BCF,354,460,,,1,
MILR,BCF,689,460,,,1,
MILR,BCF,576,460,,,1,
MILR,BCF,452,460,,,1,
MILR,BCF,253,460,,,1,
MILR,BCF,68,460,,,1,
MILR,BCF,752,470,,,1,
MILR,BCF,480,470,,,1,
MILR,BCF,429,470,,,1,
MILR,BCF,566,470,,,2,
MILR,BCF,411,470,,,9,
MILR,BCF,310,470,,,1,
MILR,BCF,103,470,,,1,
MILR,BCF,343,470,,,1,
MILR,BCF,175,470,,,1,
MILR,BCF,605,480,,,3,
MILR,BCF,480,480,,,1,
MILR,BCF,429,480,,,1,
MILR,BCF,566,480,,,1,
MILR,BCF,480,480,,,1,
MILR,BCF,610,480,,,1,
MILR,BCF,682,480,,,1,
MILR,BCF,100,480,,,1,
MILR,BCF,174,480,,,1,
MILR,BCF,130,480,,,1,
MILR,BCF,149,480,,,1,
MILR,BCF,605,490,,,1,
MILR,BCF,520,490,,,1,
MILR,BCF,552,490,,,1,
MILR,BCF,304,490,,,1,
MILR,BCF,566,490,,,1,
MILR,BCF,794,490,,,1,
MILR,BCF,630,490,,,1,
MILR,BCF,457,490,,,1,
MILR,BCF,534,490,,,1,
MILR,BCF,411,490,,,1,
MILR,BCF,343,490,,,1,
MILR,BCF,68,490,,,2,
MILR,BCF,752,500,,,1,
MILR,BCF,354,500,,,1,
MILR,BCF,610,500,,,1,
MILR,BCF,534,500,,,1,
MILR,BCF,100,500,,,1,
MILR,BCF,149,500,,,1,
MILR,BCF,338,510,,,1,
MILR,BCF,464,510,,,1,
MILR,BCF,354,510,,,1,
MILR,BCF,534,510,,,1,
MILR,BCF,411,510,,,1,
MILR,BCF,310,510,,,1,
MILR,BCF,519,520,,,1,
MILR,BCF,682,520,,,1,
MILR,BCF,295,520,,,1,
MILR,BCF,310,520,,,1,
MILR,BCF,343,520,,,1,
MILR,BCF,605,530,,,1,
MILR,BCF,794,530,,,1,
MILR,BCF,520,530,,,1,
MILR,BCF,354,530,,,2,
MILR,BCF,464,530,,,1,
MILR,BCF,349,530,,,1,
MILR,BCF,253,530,,,1,
MILR,BCF,794,539,,,1,3687
MILR,BCF,605,540,,,1,
MILR,BCF,610,540,,,1,
MILR,BCF,480,540,,,1,
MILR,BCF,519,540,,,1,
MILR,BCF,439,540,,,1,
MILR,BCF,411,540,,,1,
MILR,BCF,310,540,,,1,
MILR,BCF,158,540,,,1,
MILR,BCF,458,540,,,1,
MILR,BCF,68,540,,,1,
MILR,BCF,605,550,,,1,
MILR,BCF,457,550,,,1,
MILR,BCF,534,550,,,1,
MILR,BCF,536,550,,,1,
MILR,BCF,411,550,,,2,
MILR,BCF,310,550,,,1,
MILR,BCF,343,550,,,1,
MILR,BCF,610,560,,,1,
MILR,BCF,682,560,,,1,
MILR,BCF,464,560,,,1,
MILR,BCF,354,560,,,1,
MILR,BCF,285,560,,,1,
MILR,BCF,175,560,,,1,
MILR,BCF,130,560,,,1,
MILR,BCF,354,570,,,1,
MILR,BCF,682,570,,,1,
MILR,BCF,349,570,,,1,
MILR,BCF,354,570,,,1,
MILR,BCF,534,570,,,1,
MILR,BCF,566,580,,,1,
MILR,BCF,354,580,,,1,
MILR,BCF,174,580,,,1,
MILR,BCF,338,590,,,1,
MILR,BCF,777,590,,,1,
MILR,BCF,354,590,,,1,
MILR,BCF,429,590,,,1,
MILR,BCF,566,590,,,1,
MILR,BCF,504,590,,,1,
MILR,BCF,411,590,,,1,
MILR,BCF,100,590,,,1,
MILR,BCF,682,600,,,1,
MILR,BCF,534,600,,,1,
MILR,BCF,534,610,,,1,
MILR,BCF,354,620,,,1,
MILR,BCF,349,620,,,1,
MILR,BCF,357,620,,,1,
MILR,BCF,752,630,,,1,
MILR,BCF,464,630,,,1,
MILR,BCF,605,640,,,1,
MILR,BCF,411,640,,,1,
MILR,BCF,314,640,,,1,
MILR,BCF,392,650,,,1,
MILR,BCF,204,650,,,1,
MILR,BCF,357,660,,,1,
MILR,BCF,349,670,,,1,
MILR,BCF,354,680,,,1,
MILR,BCF,376,680,,,1,
MILR,BCF,534,730,,,1,
MILR,BCF,682,740,,,1,
MILR,BCF,354,760,,,1,
MILR,BCF,349,770,,,1,
MILR,BCF,349,780,,,1,
MILR,BCF,458,798,,,1,2991
MILR,BCF,354,800,,,1,
MILR,BCF,338,890,,,1,
MILR,BCF,338,890,,,1,
MILR,BCF,354,895,,,1,3044
MILR,BCF,338,900,,,1,
MILR,BCF,551,900,,,1,
MILR,BCF,357,900,,,1,
MILR,BCF,637,910,,,1,
MILR,BCF,794,940,,,1,
MILR,BCF,682,950,,,1,
MILR,BCF,357,950,,,1,
MILR,BCF,464,970,,,1,
MILR,BCF,357,970,,,1,
MILR,BCF,464,980,,,1,
MILR,BCF,103,980,,,1,
MILR,BCF,458,1000,,,1,
MILR,BCF,464,1100,,,1,
MILR,BCF,338,1170,,,1,
ELDR,BCF,476,135,32,1,1,
ELDR,BCF,52,140,,1,1,
ELDR,BCF,437,140,,0,1,
ELDR,BCF,6,150,,0,2,
ELDR,BCF,18,150,,0,1,
ELDR,BCF,88,150,,0,1,
ELDR,BCF,109,150,,0,1,
ELDR,BCF,115,150,,0,2,
ELDR,BCF,131,150,,0,4,
ELDR,BCF,149,150,,0,3,
ELDR,BCF,159,150,,0,1,
ELDR,BCF,184,150,,0,1,
ELDR,BCF,437,150,,0,5,
ELDR,BCF,449,150,32,0,1,
ELDR,BCF,452,150,,0,1,
ELDR,BCF,476,150,,1,1,
ELDR,BCF,506,150,,0,1,
ELDR,BCF,494,154,27,1,1,
ELDR,BCF,494,155,33,1,1,
ELDR,BCF,554,155,,1,1,
ELDR,BCF,528,157,,0,1,
ELDR,BCF,476,158,,1,1,
ELDR,BCF,6,160,,0,2,
ELDR,BCF,26,160,,0,3,
ELDR,BCF,45,160,,0,1,
ELDR,BCF,52,160,,0,1,
ELDR,BCF,55,160,,0,1,
ELDR,BCF,62,160,,0,2,
ELDR,BCF,64,160,,0,2,
ELDR,BCF,85,160,,0,1,
ELDR,BCF,88,160,,0,1,
ELDR,BCF,89,160,,0,1,
ELDR,BCF,109,160,,0,1,
ELDR,BCF,122,160,,0,1,
ELDR,BCF,127,160,,0,1,
ELDR,BCF,131,160,,1,1,
ELDR,BCF,141,160,,0,1,
ELDR,BCF,149,160,,0,7,
ELDR,BCF,151,160,,0,1,
ELDR,BCF,168,160,,0,1,
ELDR,BCF,203,160,,0,2,
ELDR,BCF,429,160,,0,1,
ELDR,BCF,437,160,,0,5,
ELDR,BCF,443,160,,0,1,
ELDR,BCF,445,160,,0,3,
ELDR,BCF,452,160,,0,3,
ELDR,BCF,456,160,,0,1,
ELDR,BCF,467,160,,0,1,
ELDR,BCF,512,160,33,0,1,
ELDR,BCF,555,160,32,0,1,
ELDR,BCF,555,160,28,0,1,
ELDR,BCF,494,161,31,1,1,
ELDR,BCF,449,163,35,0,1,
ELDR,BCF,509,165,33,0,1,
ELDR,BCF,555,165,37,0,1,
ELDR,BCF,460,167,38,0,1,
ELDR,BCF,555,167,36,0,1,
ELDR,BCF,6,170,,0,2,
ELDR,BCF,43,170,,0,1,
ELDR,BCF,45,170,,0,1,
ELDR,BCF,64,170,,0,1,
ELDR,BCF,66,170,,0,1,
ELDR,BCF,88,170,,0,2,
ELDR,BCF,89,170,,0,2,
ELDR,BCF,99,170,,0,1,
ELDR,BCF,107,170,,0,2,
ELDR,BCF,109,170,,0,3,
ELDR,BCF,117,170,,0,3,
ELDR,BCF,120,170,,0,1,
ELDR,BCF,122,170,,0,1,
ELDR,BCF,127,170,,0,1,
ELDR,BCF,131,170,,0,5,
ELDR,BCF,149,170,,1,1,
ELDR,BCF,151,170,,0,4,
ELDR,BCF,154,170,,0,2,
ELDR,BCF,177,170,,0,2,
ELDR,BCF,203,170,,0,1,
ELDR,BCF,207,170,,0,2,
ELDR,BCF,220,170,,0,1,
ELDR,BCF,231,170,,0,1,
ELDR,BCF,437,170,,0,7,
ELDR,BCF,467,170,,0,1,
ELDR,BCF,494,170,34,1,1,
ELDR,BCF,506,170,,0,1,
ELDR,BCF,476,172,,1,1,
ELDR,BCF,460,173,26,0,1,
ELDR,BCF,554,173,,1,1,
ELDR,BCF,476,177,,1,1,
ELDR,BCF,6,180,,0,1,
ELDR,BCF,43,180,,0,1,
ELDR,BCF,52,180,,0,2,
ELDR,BCF,66,180,,0,1,
ELDR,BCF,88,180,,0,1,
ELDR,BCF,131,180,,0,1,
ELDR,BCF,149,180,,0,1,
ELDR,BCF,151,180,,0,1,
ELDR,BCF,165,180,,0,2,
ELDR,BCF,184,180,,0,1,
ELDR,BCF,207,180,,0,1,
ELDR,BCF,437,180,,0,1,
ELDR,BCF,460,180,50,1,1,
ELDR,BCF,554,180,41,1,1,
ELDR,BCF,460,182,43,0,1,
ELDR,BCF,52,190,,0,1,
ELDR,BCF,117,190,,0,1,
ELDR,BCF,437,190,,0,1,
ELDR,BCF,476,193,,1,1,
ELDR,BCF,437,205,,1,1,
ELDR,BCF,109,214,,1,1,
ELDR,BCF,88,226,,1,1,
ELDR,BCF,18,230,,0,1,
ELDR,BCF,62,238,,1,1,
ELDR,BCF,76,230,,0,1,
ELDR,BCF,131,230,,0,1,
ELDR,BCF,149,230,,0,1,
ELDR,BCF,43,240,,0,1,
ELDR,BCF,64,240,,0,1,
ELDR,BCF,66,245,,1,1,
ELDR,BCF,26,250,,0,1,
ELDR,BCF,41,250,,0,2,
ELDR,BCF,64,250,,1,1,
ELDR,BCF,88,250,,0,1,
ELDR,BCF,109,250,,0,1,
ELDR,BCF,119,250,,0,1,
ELDR,BCF,120,250,,0,1,
ELDR,BCF,127,250,,1,1,
ELDR,BCF,131,250,,0,1,
ELDR,BCF,149,250,,0,1,
ELDR,BCF,452,250,,0,1,
ELDR,BCF,467,250,,0,1,
ELDR,BCF,471,253,162,1,1,
ELDR,BCF,25,260,,0,1,
ELDR,BCF,43,260,,0,2,
ELDR,BCF,45,260,,0,1,
ELDR,BCF,62,260,,0,1,
ELDR,BCF,66,260,,0,1,
ELDR,BCF,96,260,,0,2,
ELDR,BCF,109,260,,0,1,
ELDR,BCF,131,260,,0,2,
ELDR,BCF,149,260,,1,1,
ELDR,BCF,184,260,,0,1,
ELDR,BCF,437,260,,0,2,
ELDR,BCF,471,261,124,1,1,
ELDR,BCF,491,265,150,1,1,
ELDR,BCF,460,266,143,1,1,
ELDR,BCF,25,270,,0,2,
ELDR,BCF,43,270,,0,1,
ELDR,BCF,55,270,,0,1,
ELDR,BCF,62,270,,1,1,
ELDR,BCF,76,270,,0,1,
ELDR,BCF,88,270,,0,1,
ELDR,BCF,91,270,,0,1,
ELDR,BCF,117,270,,0,1,
ELDR,BCF,141,270,,0,1,
ELDR,BCF,151,270,,0,1,
ELDR,BCF,165,270,,0,1,
ELDR,BCF,168,270,,0,1,
ELDR,BCF,220,270,,0,1,
ELDR,BCF,429,270,,0,1,
ELDR,BCF,437,270,,0,2,
ELDR,BCF,467,270,,0,1,
ELDR,BCF,471,270,172,1,1,
ELDR,BCF,476,272,170,1,1,
ELDR,BCF,25,280,,0,1,
ELDR,BCF,26,280,,0,1,
ELDR,BCF,40,282,,1,1,
ELDR,BCF,41,280,,0,1,
ELDR,BCF,64,280,,0,3,
ELDR,BCF,66,280,,0,1,
ELDR,BCF,76,280,,0,1,
ELDR,BCF,91,280,,0,1,
ELDR,BCF,96,280,,0,1,
ELDR,BCF,117,280,,0,1,
ELDR,BCF,127,280,,0,1,
ELDR,BCF,131,280,,0,3,
ELDR,BCF,149,280,,0,1,
ELDR,BCF,467,280,,0,1,
ELDR,BCF,555,282,194,1,1,
ELDR,BCF,509,285,188,0,1,
ELDR,BCF,25,290,,0,1,
ELDR,BCF,34,290,,0,1,
ELDR,BCF,40,290,,0,1,
ELDR,BCF,45,290,,0,1,
ELDR,BCF,62,290,,0,1,
ELDR,BCF,64,290,,0,1,
ELDR,BCF,76,290,,0,1,
ELDR,BCF,101,290,,0,1,
ELDR,BCF,109,290,,0,1,
ELDR,BCF,115,290,,0,1,
ELDR,BCF,127,290,,0,1,
ELDR,BCF,177,290,,0,1,
ELDR,BCF,205,290,,0,1,
ELDR,BCF,452,290,,0,1,
ELDR,BCF,456,290,,0,1,
ELDR,BCF,467,290,,0,1,
ELDR,BCF,476,290,200,1,1,
ELDR,BCF,476,290,200,1,1,
ELDR,BCF,516,296,193,1,1,
ELDR,BCF,476,298,220,1,1,
ELDR,BCF,40,300,,0,1,
ELDR,BCF,41,300,,0,1,
ELDR,BCF,43,300,,0,1,
ELDR,BCF,64,300,,0,1,
ELDR,BCF,66,300,,0,1,
ELDR,BCF,91,300,,0,1,
ELDR,BCF,120,300,,0,1,
ELDR,BCF,131,300,,0,2,
ELDR,BCF,149,300,,0,2,
ELDR,BCF,437,300,,0,1,
ELDR,BCF,456,300,,0,1,
ELDR,BCF,524,300,,0,1,
ELDR,BCF,555,306,222,1,1,
ELDR,BCF,43,310,,0,1,
ELDR,BCF,62,310,,0,1,
ELDR,BCF,64,310,,0,1,
ELDR,BCF,88,310,,0,2,
ELDR,BCF,99,310,,0,1,
ELDR,BCF,119,310,,0,1,
ELDR,BCF,149,310,,0,1,
ELDR,BCF,452,310,,0,1,
ELDR,BCF,476,310,248,1,1,
ELDR,BCF,554,312,200,0,1,
ELDR,BCF,509,315,211,0,1,
ELDR,BCF,476,316,215,1,1,
ELDR,BCF,78,320,,0,1,
ELDR,BCF,88,320,,0,1,
ELDR,BCF,131,320,,0,1,
ELDR,BCF,184,320,,0,1,
ELDR,BCF,205,320,,0,1,
ELDR,BCF,437,320,,0,1,
ELDR,BCF,443,320,,0,1,
ELDR,BCF,445,320,,0,1,
ELDR,BCF,467,320,,0,1,
ELDR,BCF,555,323,278,1,1,
ELDR,BCF,516,324,275,1,1,
ELDR,BCF,131,330,,0,1,
ELDR,BCF,420,330,,0,1,
ELDR,BCF,512,330,316,0,1,
ELDR,BCF,476,331,305,1,1,
ELDR,BCF,460,335,342,0,1,
ELDR,BCF,476,339,310,1,1,
ELDR,BCF,41,340,,0,1,
ELDR,BCF,78,340,,0,1,
ELDR,BCF,476,341,405,1,1,
ELDR,BCF,476,342,330,1,1,
ELDR,BCF,476,347,350,0,1,
ELDR,BCF,64,350,,0,1,
ELDR,BCF,131,350,,0,1,
ELDR,BCF,476,354,390,1,1,
ELDR,BCF,40,360,,0,1,
ELDR,BCF,41,363,,1,1,
ELDR,BCF,78,360,,0,1,
ELDR,BCF,40,370,,0,1,
ELDR,BCF,41,370,,0,1,
ELDR,BCF,43,370,,0,1,
ELDR,BCF,62,370,,0,1,
ELDR,BCF,78,370,,1,1,
ELDR,BCF,119,370,,0,4,
ELDR,BCF,476,370,430,1,1,
ELDR,BCF,509,370,398,1,1,
ELDR,BCF,555,375,500,1,1,
ELDR,BCF,41,380,,0,1,
ELDR,BCF,76,380,,0,1,
ELDR,BCF,78,380,,0,2,
ELDR,BCF,109,380,,0,1,
ELDR,BCF,119,380,,0,1,
ELDR,BCF,122,380,,0,1,
ELDR,BCF,18,390,,0,1,
ELDR,BCF,78,390,,1,1,
ELDR,BCF,78,390,,0,1,
ELDR,BCF,119,390,,0,3,
ELDR,BCF,120,390,,0,1,
ELDR,BCF,131,390,,0,1,
ELDR,BCF,154,390,,0,1,
ELDR,BCF,445,395,,1,1,
ELDR,BCF,467,390,,0,1,
ELDR,BCF,476,390,510,1,1,
ELDR,BCF,8,400,,0,1,
ELDR,BCF,25,400,,0,1,
ELDR,BCF,40,400,,0,1,
ELDR,BCF,41,400,,0,2,
ELDR,BCF,43,400,,0,2,
ELDR,BCF,57,400,,0,2,
ELDR,BCF,96,400,,0,1,
ELDR,BCF,109,400,,0,1,
ELDR,BCF,119,400,,0,1,
ELDR,BCF,122,400,,0,1,
ELDR,BCF,127,400,,0,1,
ELDR,BCF,152,400,,1,1,
ELDR,BCF,491,400,650,1,1,
ELDR,BCF,491,406,678,0,1,
ELDR,BCF,491,407,540,0,1,
ELDR,BCF,491,409,641,0,1,
ELDR,BCF,40,410,,0,1,
ELDR,BCF,41,410,,0,1,
ELDR,BCF,76,410,,0,2,
ELDR,BCF,88,410,,0,1,
ELDR,BCF,89,410,,0,4,
ELDR,BCF,91,410,,0,1,
ELDR,BCF,96,410,,0,1,
ELDR,BCF,119,410,,0,1,
ELDR,BCF,131,410,,0,1,
ELDR,BCF,141,410,,0,1,
ELDR,BCF,516,412,629,1,1,
ELDR,BCF,491,414,683,0,1,
ELDR,BCF,555,417,690,1,1,
ELDR,BCF,528,419,690,1,1,4338
ELDR,BCF,37,420,,0,1,
ELDR,BCF,40,420,,0,1,
ELDR,BCF,41,420,,0,1,
ELDR,BCF,43,420,,0,4,
ELDR,BCF,57,420,,0,1,
ELDR,BCF,76,420,,0,1,
ELDR,BCF,78,420,,0,1,6094
ELDR,BCF,78,420,,0,3,
ELDR,BCF,96,420,,0,2,
ELDR,BCF,98,420,,0,1,5605
ELDR,BCF,119,420,,0,2,
ELDR,BCF,120,420,,0,1,
ELDR,BCF,149,420,,0,1,
ELDR,BCF,159,420,,0,1,
ELDR,BCF,205,420,,0,1,
ELDR,BCF,509,421,588,1,1,
ELDR,BCF,528,422,690,1,1,
ELDR,BCF,41,430,,0,1,
ELDR,BCF,43,430,,0,1,
ELDR,BCF,53,430,,0,1,
ELDR,BCF,55,430,,0,1,
ELDR,BCF,62,430,,0,1,4806
ELDR,BCF,66,430,,0,1,
ELDR,BCF,76,430,,0,1,
ELDR,BCF,78,430,,0,3,
ELDR,BCF,89,430,,0,2,
ELDR,BCF,96,430,,0,4,
ELDR,BCF,98,430,,0,1,
ELDR,BCF,109,430,,0,2,
ELDR,BCF,120,430,,0,1,
ELDR,BCF,131,430,,0,2,
ELDR,BCF,177,430,,0,1,
ELDR,BCF,193,430,,0,1,
ELDR,BCF,467,430,,0,1,
ELDR,BCF,476,430,768,1,1,
ELDR,BCF,491,432,840,0,1,
ELDR,BCF,491,439,855,0,1,6125
ELDR,BCF,25,440,,0,1,
ELDR,BCF,40,440,,0,2,
ELDR,BCF,43,440,,0,2,
ELDR,BCF,64,440,,0,1,
ELDR,BCF,76,440,,0,1,
ELDR,BCF,89,440,,0,4,
ELDR,BCF,91,440,,0,1,
ELDR,BCF,96,440,,0,2,
ELDR,BCF,98,440,,0,2,
ELDR,BCF,107,440,,0,2,
ELDR,BCF,119,440,,0,1,
ELDR,BCF,120,440,,0,1,
ELDR,BCF,141,440,,0,1,
ELDR,BCF,149,440,,0,1,
ELDR,BCF,152,440,,0,2,
ELDR,BCF,200,440,,0,1,
ELDR,BCF,40,444,,0,1,5637
ELDR,BCF,478,445,701,1,1,
ELDR,BCF,25,450,,0,1,
ELDR,BCF,43,450,,0,2,
ELDR,BCF,62,450,,0,2,
ELDR,BCF,66,450,,0,1,
ELDR,BCF,76,450,,0,1,
ELDR,BCF,89,450,,0,3,
ELDR,BCF,96,450,,0,4,
ELDR,BCF,109,450,,0,2,
ELDR,BCF,115,450,,0,1,
ELDR,BCF,119,450,,0,1,
ELDR,BCF,120,450,,0,2,
ELDR,BCF,131,450,,0,2,
ELDR,BCF,149,450,,0,2,
ELDR,BCF,177,450,,0,1,
ELDR,BCF,443,450,,0,2,
ELDR,BCF,445,450,,0,1,
ELDR,BCF,491,450,922,0,1,
ELDR,BCF,499,450,874,1,1,
ELDR,BCF,499,450,902,1,1,
ELDR,BCF,499,450,685,1,1,
ELDR,BCF,476,451,822,1,1,
ELDR,BCF,478,452,884,1,1,
ELDR,BCF,528,452,875,1,1,
ELDR,BCF,491,453,860,0,1,
ELDR,BCF,499,454,844,1,1,5222
ELDR,BCF,37,457,,0,1,6070
ELDR,BCF,491,457,880,1,1,
ELDR,BCF,499,457,872,1,1,
ELDR,BCF,25,460,,0,1,
ELDR,BCF,40,460,,0,1,
ELDR,BCF,43,460,,0,2,
ELDR,BCF,64,460,,0,1,
ELDR,BCF,66,460,,0,1,
ELDR,BCF,76,460,,0,2,
ELDR,BCF,78,460,,0,1,
ELDR,BCF,89,460,,0,10,
ELDR,BCF,91,460,,0,2,
ELDR,BCF,96,460,,0,4,
ELDR,BCF,98,460,,0,2,
ELDR,BCF,99,460,,0,1,4566
ELDR,BCF,119,460,,0,1,
ELDR,BCF,131,460,,0,1,
ELDR,BCF,141,460,,0,1,
ELDR,BCF,149,460,,0,2,
ELDR,BCF,154,460,,0,3,
ELDR,BCF,168,460,,0,1,
ELDR,BCF,177,460,,0,1,
ELDR,BCF,200,460,,0,1,
ELDR,BCF,205,460,,0,1,
ELDR,BCF,215,460,,0,1,
ELDR,BCF,429,460,,0,1,
ELDR,BCF,491,461,941,1,1,
ELDR,BCF,491,461,1050,0,1,
ELDR,BCF,512,462,952,1,1,
ELDR,BCF,512,463,1015,1,1,
ELDR,BCF,491,465,960,1,1,6059
ELDR,BCF,476,466,923,1,1,
ELDR,BCF,491,466,1119,0,1,
ELDR,BCF,460,468,1100,0,1,
ELDR,BCF,37,470,,0,1,
ELDR,BCF,40,470,,0,1,
ELDR,BCF,41,470,,0,1,
ELDR,BCF,43,470,,0,1,4283
ELDR,BCF,43,470,,0,1,
ELDR,BCF,62,470,,0,1,
ELDR,BCF,64,470,,0,1,
ELDR,BCF,78,470,,0,1,
ELDR,BCF,88,470,,0,1,
ELDR,BCF,89,470,,0,11,
ELDR,BCF,91,470,,0,2,
ELDR,BCF,96,470,,0,5,
ELDR,BCF,98,470,,0,1,
ELDR,BCF,99,470,,0,1,
ELDR,BCF,101,470,,0,1,
ELDR,BCF,109,470,,0,1,
ELDR,BCF,115,470,,0,1,
ELDR,BCF,119,470,,0,5,
ELDR,BCF,141,470,,0,1,
ELDR,BCF,177,470,,0,1,
ELDR,BCF,203,470,,0,1,
ELDR,BCF,205,470,,0,1,
ELDR,BCF,443,470,,0,1,
ELDR,BCF,452,470,,0,1,
ELDR,BCF,491,470,1026,1,1,
ELDR,BCF,506,470,,0,1,
ELDR,BCF,449,471,1044,0,1,
ELDR,BCF,476,471,1140,0,1,
ELDR,BCF,471,473,1120,0,1,
ELDR,BCF,491,475,1021,1,1,
ELDR,BCF,491,475,1060,1,1,
ELDR,BCF,494,475,1120,0,1,6303
ELDR,BCF,499,477,955,1,1,
ELDR,BCF,555,477,1042,0,1,
ELDR,BCF,491,478,1070,1,1,
ELDR,BCF,40,480,,0,1,
ELDR,BCF,64,480,,0,1,
ELDR,BCF,78,480,,0,2,
ELDR,BCF,89,480,,0,1,6137
ELDR,BCF,89,480,,0,11,
ELDR,BCF,91,480,,0,1,
ELDR,BCF,96,480,,0,2,
ELDR,BCF,98,480,,0,2,
ELDR,BCF,109,480,,0,1,
ELDR,BCF,117,480,,0,1,
ELDR,BCF,119,480,,0,3,
ELDR,BCF,120,480,,0,1,
ELDR,BCF,193,480,,0,1,
ELDR,BCF,445,480,,0,1,
ELDR,BCF,452,480,,0,3,
ELDR,BCF,460,480,1128,0,1,
ELDR,BCF,467,480,,0,1,
ELDR,BCF,516,480,1093,1,1,6001
ELDR,BCF,460,481,1190,0,1,6108
ELDR,BCF,471,481,1165,0,1,
ELDR,BCF,491,481,1100,1,1,4884
ELDR,BCF,491,481,1170,1,1,
ELDR,BCF,441,483,1026,0,1,
ELDR,BCF,509,483,1121,0,1,
ELDR,BCF,476,485,,1,1,6336
ELDR,BCF,491,485,1134,0,1,
ELDR,BCF,516,488,1162,1,1,5439
ELDR,BCF,460,489,1190,0,1,6106
ELDR,BCF,25,490,,0,1,
ELDR,BCF,40,490,,0,1,
ELDR,BCF,41,490,,0,1,
ELDR,BCF,43,490,,0,2,
ELDR,BCF,66,490,,0,1,
ELDR,BCF,76,490,,0,1,
ELDR,BCF,85,490,,0,1,
ELDR,BCF,89,490,,0,5,
ELDR,BCF,96,490,,0,2,
ELDR,BCF,98,490,,0,1,
ELDR,BCF,99,490,,0,1,
ELDR,BCF,141,490,,0,5,
ELDR,BCF,177,490,,0,1,
ELDR,BCF,193,490,,0,1,
ELDR,BCF,205,490,,0,2,
ELDR,BCF,215,490,,0,2,
ELDR,BCF,231,490,,0,1,
ELDR,BCF,443,490,,0,2,
ELDR,BCF,445,490,,0,2,
ELDR,BCF,452,490,,0,2,
ELDR,BCF,467,490,,0,1,
ELDR,BCF,476,490,1254,1,1,
ELDR,BCF,491,490,1237,0,1,
ELDR,BCF,514,491,1221,0,1,5691
ELDR,BCF,449,492,1068,0,1,
ELDR,BCF,514,492,1364,0,1,
ELDR,BCF,516,494,1213,1,1,
ELDR,BCF,471,495,1310,0,1,
ELDR,BCF,476,495,1210,1,1,
ELDR,BCF,476,495,1146,1,1,5986
ELDR,BCF,499,495,1120,1,1,
ELDR,BCF,478,496,1028,1,1,
ELDR,BCF,491,496,1350,0,1,
ELDR,BCF,491,496,1350,0,1,
ELDR,BCF,449,497,1245,0,1,
ELDR,BCF,40,500,,0,1,6116
ELDR,BCF,43,500,,0,2,
ELDR,BCF,66,500,,0,1,
ELDR,BCF,76,500,,0,1,
ELDR,BCF,78,500,,0,1,
ELDR,BCF,89,500,,0,9,
ELDR,BCF,91,500,,0,1,
ELDR,BCF,96,500,,0,3,
ELDR,BCF,98,500,,0,1,
ELDR,BCF,99,500,,0,2,
ELDR,BCF,119,500,,0,3,
ELDR,BCF,120,500,,0,1,
ELDR,BCF,131,500,,0,1,
ELDR,BCF,131,500,,0,1,6000
ELDR,BCF,149,500,,0,2,
ELDR,BCF,168,500,,0,1,
ELDR,BCF,182,500,,0,1,
ELDR,BCF,200,500,,0,1,
ELDR,BCF,205,500,,0,1,
ELDR,BCF,452,500,,0,1,
ELDR,BCF,467,500,,0,1,
ELDR,BCF,491,500,1312,0,1,6054
ELDR,BCF,491,500,1380,0,1,
ELDR,BCF,491,500,1270,0,1,
ELDR,BCF,504,500,,0,1,4386
ELDR,BCF,528,500,1500,0,1,
ELDR,BCF,554,500,1139,0,1,
ELDR,BCF,478,501,1203,1,1,
ELDR,BCF,491,502,1260,0,1,
ELDR,BCF,491,503,1440,0,1,
ELDR,BCF,441,504,1046,0,1,
ELDR,BCF,514,504,1374,0,1,
ELDR,BCF,89,505,,0,1,5239
ELDR,BCF,141,505,,0,1,5582
ELDR,BCF,441,505,1270,0,1,
ELDR,BCF,460,505,1370,0,1,
ELDR,BCF,478,505,1129,1,1,
ELDR,BCF,476,506,1228,0,1,
ELDR,BCF,491,506,1386,0,1,
ELDR,BCF,516,506,1250,1,1,
ELDR,BCF,528,506,1242,0,1,
ELDR,BCF,491,507,1250,0,1,
ELDR,BCF,491,508,1361,0,1,
ELDR,BCF,491,508,1340,0,1,
ELDR,BCF,441,509,1319,0,1,
ELDR,BCF,491,509,1310,0,1,
ELDR,BCF,40,510,,0,1,
ELDR,BCF,43,510,,0,2,
ELDR,BCF,64,510,,0,2,
ELDR,BCF,76,510,,0,2,
ELDR,BCF,89,510,,0,1,4610
ELDR,BCF,89,510,,0,7,
ELDR,BCF,96,510,,0,1,
ELDR,BCF,98,510,,0,2,
ELDR,BCF,99,510,,0,2,
ELDR,BCF,141,510,,0,2,
ELDR,BCF,149,510,,0,1,
ELDR,BCF,177,510,,0,3,
ELDR,BCF,205,510,,0,1,5006
ELDR,BCF,205,510,,0,2,
ELDR,BCF,441,510,1203,0,1,
ELDR,BCF,443,510,,0,1,
ELDR,BCF,460,510,1381,0,1,
ELDR,BCF,476,510,1355,0,1,
ELDR,BCF,476,510,1310,0,1,
ELDR,BCF,491,510,1518,0,1,
ELDR,BCF,491,510,1377,0,1,
ELDR,BCF,494,510,1430,0,1,
ELDR,BCF,499,510,1385,1,1,
ELDR,BCF,509,510,1444,0,1,
ELDR,BCF,516,510,1332,0,1,6008
ELDR,BCF,449,511,1398,0,1,
ELDR,BCF,478,511,1302,1,1,
ELDR,BCF,491,511,1341,0,1,
ELDR,BCF,491,511,1254,0,1,
ELDR,BCF,499,512,1250,1,1,
ELDR,BCF,460,513,1370,0,1,
ELDR,BCF,509,514,1350,0,1,
ELDR,BCF,89,515,,0,1,5243
ELDR,BCF,463,515,1297,0,1,
ELDR,BCF,478,515,1342,1,1,5397
ELDR,BCF,491,515,1418,0,1,
ELDR,BCF,491,515,1520,0,1,
ELDR,BCF,514,515,1245,0,1,
ELDR,BCF,449,516,1529,0,1,
ELDR,BCF,476,516,1289,0,1,
ELDR,BCF,478,516,1331,1,1,5383
ELDR,BCF,491,516,1343,0,1,
ELDR,BCF,514,517,1338,0,1,
ELDR,BCF,471,518,1460,0,1,
ELDR,BCF,476,518,1360,1,1,
ELDR,BCF,478,519,1197,1,1,
ELDR,BCF,43,520,,0,2,
ELDR,BCF,66,520,,0,1,
ELDR,BCF,78,520,,0,1,
ELDR,BCF,89,520,,0,4,
ELDR,BCF,96,520,,0,5,
ELDR,BCF,98,520,,0,1,
ELDR,BCF,99,520,,0,1,
ELDR,BCF,119,520,,0,1,
ELDR,BCF,131,520,,0,1,
ELDR,BCF,141,520,,0,2,
ELDR,BCF,149,520,,0,1,
ELDR,BCF,205,520,,0,3,
ELDR,BCF,220,520,,0,1,
ELDR,BCF,467,520,,0,1,
ELDR,BCF,471,520,1510,0,1,
ELDR,BCF,491,520,1484,0,1,
ELDR,BCF,491,520,1370,0,1,
ELDR,BCF,499,520,1340,1,1,
ELDR,BCF,509,520,1408,0,1,
ELDR,BCF,555,520,1361,0,1,
ELDR,BCF,476,521,1361,0,1,
ELDR,BCF,491,521,1580,0,1,
ELDR,BCF,471,522,1409,0,1,
ELDR,BCF,478,522,1344,1,1,
ELDR,BCF,514,522,1430,0,1,
ELDR,BCF,516,522,1238,1,1,
ELDR,BCF,555,522,1582,0,1,
ELDR,BCF,555,522,1400,0,1,
ELDR,BCF,476,523,1370,1,1,
ELDR,BCF,499,523,1438,1,1,
ELDR,BCF,463,524,1620,0,1,
ELDR,BCF,476,525,1530,0,1,
ELDR,BCF,491,525,1388,0,1,
ELDR,BCF,491,525,1466,0,1,
ELDR,BCF,491,525,147,0,1,
ELDR,BCF,528,525,1530,0,1,
ELDR,BCF,547,525,1532,0,1,
ELDR,BCF,449,526,1563,0,1,
ELDR,BCF,449,526,1418,0,1,
ELDR,BCF,471,527,1630,0,1,
ELDR,BCF,491,528,1550,0,1,
ELDR,BCF,491,528,1468,0,1,
ELDR,BCF,516,528,1291,1,1,
ELDR,BCF,441,529,1598,0,1,
ELDR,BCF,22,530,,0,1,
ELDR,BCF,57,530,,0,1,
ELDR,BCF,64,530,,0,1,
ELDR,BCF,78,530,,0,1,
ELDR,BCF,88,530,,0,1,
ELDR,BCF,89,530,,0,4,
ELDR,BCF,96,530,,0,2,
ELDR,BCF,98,530,,0,3,
ELDR,BCF,109,530,,0,1,
ELDR,BCF,117,530,,0,1,
ELDR,BCF,119,530,,0,1,
ELDR,BCF,149,530,,0,1,
ELDR,BCF,177,530,,0,1,
ELDR,BCF,205,530,,0,2,
ELDR,BCF,445,530,,0,1,
ELDR,BCF,449,530,1610,0,1,
ELDR,BCF,449,530,1650,0,1,
ELDR,BCF,467,530,,0,1,
ELDR,BCF,491,530,1680,0,1,
ELDR,BCF,509,530,1475,0,1,6473
ELDR,BCF,509,530,1580,0,1,
ELDR,BCF,441,531,1412,1,1,
ELDR,BCF,491,531,1608,0,1,
ELDR,BCF,509,532,1475,0,1,6088
ELDR,BCF,471,533,1620,0,1,
ELDR,BCF,89,534,,0,1,5075
ELDR,BCF,509,534,1570,0,1,
ELDR,BCF,476,535,1501,1,1,
ELDR,BCF,476,535,1450,0,1,5938
ELDR,BCF,491,535,1750,0,1,
ELDR,BCF,499,535,1434,1,1,5193
ELDR,BCF,491,536,1745,0,1,
ELDR,BCF,494,536,1630,0,1,
ELDR,BCF,491,537,1645,0,1,
ELDR,BCF,491,537,1680,0,1,
ELDR,BCF,491,537,1740,0,1,
ELDR,BCF,476,538,1465,0,1,
ELDR,BCF,528,539,1520,0,1,
ELDR,BCF,22,540,,0,1,
ELDR,BCF,64,540,,0,1,
ELDR,BCF,88,540,,0,1,
ELDR,BCF,89,540,,0,1,5406
ELDR,BCF,89,540,,0,5,
ELDR,BCF,96,540,,0,2,
ELDR,BCF,98,540,,0,4,
ELDR,BCF,99,540,,0,1,
ELDR,BCF,141,540,,0,1,
ELDR,BCF,154,540,,0,1,
ELDR,BCF,177,540,,0,1,
ELDR,BCF,193,540,,0,1,
ELDR,BCF,215,540,,0,1,
ELDR,BCF,220,540,,0,2,
ELDR,BCF,449,540,1584,0,1,
ELDR,BCF,452,540,,0,3,
ELDR,BCF,476,540,1660,0,1,
ELDR,BCF,478,540,1563,1,1,5199
ELDR,BCF,491,540,1779,0,1,
ELDR,BCF,491,540,1520,0,1,
ELDR,BCF,476,541,1763,0,1,
ELDR,BCF,491,541,1698,0,1,
ELDR,BCF,491,541,1660,0,1,
ELDR,BCF,491,542,1645,0,1,
ELDR,BCF,516,542,1580,1,1,
ELDR,BCF,441,545,1590,0,1,
ELDR,BCF,449,545,1748,0,1,
ELDR,BCF,460,545,1838,0,1,5920
ELDR,BCF,476,545,1746,1,1,
ELDR,BCF,491,545,1850,0,1,
ELDR,BCF,491,545,1810,0,1,
ELDR,BCF,554,545,1756,0,1,
ELDR,BCF,99,546,,0,1,5341
ELDR,BCF,141,546,,0,1,5041
ELDR,BCF,441,546,1444,1,1,
ELDR,BCF,514,546,1792,0,1,
ELDR,BCF,471,547,1658,0,1,6113
ELDR,BCF,476,547,1696,0,1,
ELDR,BCF,478,547,1654,1,1,5452
ELDR,BCF,25,550,,0,1,
ELDR,BCF,89,550,,0,4,
ELDR,BCF,96,550,,0,1,
ELDR,BCF,98,550,,0,3,
ELDR,BCF,99,550,,0,1,
ELDR,BCF,107,550,,0,1,
ELDR,BCF,109,550,,0,1,
ELDR,BCF,141,550,,0,3,
ELDR,BCF,152,550,,0,1,
ELDR,BCF,154,550,,0,2,
ELDR,BCF,177,550,,0,1,
ELDR,BCF,205,550,,0,1,
ELDR,BCF,443,550,,0,1,
ELDR,BCF,452,550,,0,1,
ELDR,BCF,476,550,1800,0,1,
ELDR,BCF,491,550,1931,0,1,
ELDR,BCF,491,550,1875,0,1,
ELDR,BCF,491,550,1610,0,1,
ELDR,BCF,476,553,1685,0,1,
ELDR,BCF,491,553,1735,0,1,
ELDR,BCF,547,553,1660,0,1,
ELDR,BCF,449,556,1722,0,1,
ELDR,BCF,476,556,1740,0,1,
ELDR,BCF,491,556,1810,0,1,
ELDR,BCF,514,558,1960,0,1,
ELDR,BCF,66,560,,0,1,
ELDR,BCF,76,560,,0,1,
ELDR,BCF,78,560,,0,2,
ELDR,BCF,85,560,,0,1,
ELDR,BCF,89,560,,0,7,
ELDR,BCF,98,560,,0,3,
ELDR,BCF,99,560,,0,1,
ELDR,BCF,141,560,,0,2,
ELDR,BCF,452,560,,0,1,
ELDR,BCF,478,560,1507,1,1,5246
ELDR,BCF,476,561,1878,0,1,
ELDR,BCF,460,562,1845,0,1,
ELDR,BCF,491,562,1860,0,1,
ELDR,BCF,491,563,1798,0,1,
ELDR,BCF,491,563,1956,0,1,
ELDR,BCF,554,563,1926,0,1,
ELDR,BCF,478,565,1667,1,1,
ELDR,BCF,499,565,1706,1,1,
ELDR,BCF,476,566,1990,0,1,5997
ELDR,BCF,491,566,1870,0,1,
ELDR,BCF,555,566,1806,0,1,
ELDR,BCF,554,567,1808,0,1,
ELDR,BCF,463,568,1895,0,1,
ELDR,BCF,471,568,1940,0,1,
ELDR,BCF,478,568,1702,1,1,
ELDR,BCF,22,570,,0,1,
ELDR,BCF,89,570,,0,2,
ELDR,BCF,96,570,,0,1,
ELDR,BCF,98,570,,0,7,
ELDR,BCF,141,570,,0,1,
ELDR,BCF,149,570,,0,2,
ELDR,BCF,154,570,,0,1,
ELDR,BCF,215,570,,0,1,
ELDR,BCF,220,570,,0,1,
ELDR,BCF,476,570,1840,0,1,6218
ELDR,BCF,478,570,2000,1,1,
ELDR,BCF,554,571,1865,0,1,
ELDR,BCF,514,572,1662,0,1,
ELDR,BCF,491,573,1960,0,1,
ELDR,BCF,478,574,1772,1,1,
ELDR,BCF,449,575,2100,0,1,
ELDR,BCF,476,575,1860,0,1,
ELDR,BCF,491,575,2152,0,1,
ELDR,BCF,514,575,1872,0,1,
ELDR,BCF,516,575,1744,1,1,
ELDR,BCF,478,577,2038,1,1,5393
ELDR,BCF,41,580,,0,1,5968
ELDR,BCF,89,580,,0,3,
ELDR,BCF,96,580,,0,1,
ELDR,BCF,98,580,,0,1,
ELDR,BCF,99,580,,0,2,
ELDR,BCF,443,580,,0,1,
ELDR,BCF,494,580,2080,0,1,
ELDR,BCF,476,581,1861,0,1,
ELDR,BCF,499,582,1940,1,1,
ELDR,BCF,499,582,2174,1,1,
ELDR,BCF,476,583,1948,0,1,
ELDR,BCF,441,585,270,0,1,
ELDR,BCF,476,585,1934,0,1,
ELDR,BCF,478,585,1952,1,1,5470
ELDR,BCF,478,585,1908,1,1,
ELDR,BCF,478,587,2684,1,1,
ELDR,BCF,476,588,2062,0,1,
ELDR,BCF,43,590,,0,1,
ELDR,BCF,76,590,,0,1,
ELDR,BCF,89,590,,0,1,
ELDR,BCF,98,590,,0,1,
ELDR,BCF,499,591,1770,1,1,
ELDR,BCF,441,595,2030,0,1,
ELDR,BCF,96,600,,0,1,
ELDR,BCF,98,600,,0,2,
ELDR,BCF,177,600,,0,1,
ELDR,BCF,43,610,,0,1,
ELDR,BCF,89,610,,0,4,
ELDR,BCF,98,610,,0,1,
ELDR,BCF,476,610,2300,1,1,
ELDR,BCF,516,614,2120,1,1,
ELDR,BCF,471,615,2366,0,1,4512
ELDR,BCF,89,620,,0,1,
ELDR,BCF,98,620,,0,1,
ELDR,BCF,149,620,,1,1,
ELDR,BCF,89,630,,0,1,
ELDR,BCF,89,637,,1,1,
ELDR,BCF,467,630,,1,1,
ELDR,BCF,476,631,2738,0,1,
ELDR,BCF,491,635,2828,1,1,
ELDR,BCF,89,643,,1,1,
ELDR,BCF,89,644,,1,1,
ELDR,BCF,98,640,,1,1,
ELDR,BCF,98,640,,1,1,
ELDR,BCF,528,650,2899,1,1,
ELDR,BCF,89,663,,1,1,
ELDR,BCF,117,667,,1,1,
ELDR,BCF,22,670,,1,1,
ELDR,BCF,89,690,,1,1,
ELDR,BCF,98,690,,1,1,
ELDR,BCF,89,710,,1,1,
ELDR,BCF,89,720,,1,1,
ELDR,BCF,89,850,,1,1,
ELDR,BCF,478,860,7784,1,1,
ELDR,BCF,40,880,,1,1,
ELDR,BCF,55,880,,1,1,
TCRR,BCF,51,440,,1,1,
TCRR,BCF,72,430,,1,1,
TCRR,BCF,73,530,,0,1,7210
TCRR,BCF,91,290,,1,1,
TCRR,BCF,93,500,,1,1,
TCRR,BCF,93,470,,1,1,
TCRR,BCF,93,640,,1,1,
TCRR,BCF,111,320,,1,1,
TCRR,BCF,114,450,,1,1,
TCRR,BCF,115,670,,0,1,6806
TCRR,BCF,115,480,,1,1,
TCRR,BCF,115,580,,1,1,
TCRR,BCF,125,540,,1,1,
TCRR,BCF,125,490,,0,1,7572
TCRR,BCF,125,480,,1,1,
TCRR,BCF,125,530,,1,1,
TCRR,BCF,125,510,,1,1,
TCRR,BCF,125,520,,1,1,
TCRR,BCF,125,490,,1,1,
TCRR,BCF,125,460,,1,1,
TCRR,BCF,125,490,,1,1,
TCRR,BCF,127,300,,1,1,
TCRR,BCF,129,710,,1,1,
TCRR,BCF,134,610,,1,1,
TCRR,BCF,144,580,,1,1,
TCRR,BCF,144,650,,1,1,
TCRR,BCF,144,500,,1,1,
TCRR,BCF,144,510,,1,1,
TCRR,BCF,144,590,,1,1,
TCRR,BCF,147,500,,1,1,
TCRR,BCF,147,500,,1,1,
TCRR,BCF,147,480,,1,1,
TCRR,BCF,147,700,,1,1,
TCRR,BCF,147,510,,1,1,
TCRR,BCF,147,520,,1,1,
TCRR,BCF,149,700,,1,1,
TCRR,BCF,150,630,,1,1,
TCRR,BCF,150,480,,1,1,
TCRR,BCF,155,490,,0,1,
TCRR,BCF,155,490,,0,1,
TCRR,BCF,155,660,,0,1,7287
TCRR,BCF,155,810,,1,1,
TCRR,BCF,155,760,,1,1,
TCRR,BCF,155,640,,1,1,
TCRR,BCF,155,630,,0,1,
TCRR,BCF,155,470,,0,1,
TCRR,BCF,155,310,,0,1,
TCRR,BCF,155,640,,1,1,
TCRR,BCF,155,290,,0,1,
TCRR,BCF,155,630,,1,1,
TCRR,BCF,155,590,,1,1,
TCRR,BCF,155,650,,0,1,
TCRR,BCF,157,520,,1,1,
TCRR,BCF,157,320,,1,1,
TCRR,BCF,158,450,,1,1,
TCRR,BCF,158,580,,1,1,
TCRR,BCF,164,480,,0,1,
TCRR,BCF,164,720,,1,1,
TCRR,BCF,164,600,,0,1,6993
TCRR,BCF,164,660,,1,1,
TCRR,BCF,164,620,,0,1,
TCRR,BCF,164,590,,1,1,
TCRR,BCF,164,290,,0,1,
TCRR,BCF,164,570,,1,1,
TCRR,BCF,164,600,,1,1,
TCRR,BCF,164,400,,1,1,
TCRR,BCF,166,570,,0,1,
TCRR,BCF,166,640,,0,1,6552
TCRR,BCF,166,360,,1,1,
TCRR,BCF,166,280,,0,1,
TCRR,BCF,168,510,,1,1,
TCRR,BCF,168,610,,1,1,
TCRR,BCF,168,630,,1,1,
TCRR,BCF,170,270,,1,1,
TCRR,BCF,172,640,,1,1,
TCRR,BCF,172,540,,0,1,7262
TCRR,BCF,172,440,,1,1,
TCRR,BCF,173,300,,1,1,
TCRR,BCF,173,630,,1,1,
TCRR,BCF,173,490,,1,1,
TCRR,BCF,173,590,,1,1,
TCRR,BCF,173,600,,1,1,
TCRR,BCF,173,300,,1,1,
TCRR,BCF,178,420,,0,1,8002
TCRR,BCF,178,500,,0,1,
TCRR,BCF,178,490,,0,1,
TCRR,BCF,178,310,,0,1,
TCRR,BCF,178,530,,0,1,6637
TCRR,BCF,178,510,,0,1,
TCRR,BCF,178,470,,0,1,
TCRR,BCF,178,480,,0,1,
TCRR,BCF,178,480,,0,1,
TCRR,BCF,178,510,,0,1,
TCRR,BCF,181,690,,0,1,8422
TCRR,BCF,182,270,,1,1,
TCRR,BCF,182,580,,1,1,
TCRR,BCF,182,520,,1,1,
TCRR,BCF,184,500,,0,1,
TCRR,BCF,184,270,,0,1,
TCRR,BCF,185,290,,1,1,
TCRR,BCF,185,420,,0,1,7676
TCRR,BCF,185,480,,0,1,
TCRR,BCF,185,310,,1,1,
TCRR,BCF,185,600,,1,1,
TCRR,BCF,185,580,,1,1,
TCRR,BCF,191,270,,0,1,
TCRR,BCF,197,560,,1,1,
TCRR,BCF,197,280,,1,1,
TCRR,BCF,202,730,,0,1,
TCRR,BCF,202,639,,0,1,8266
TCRR,BCF,202,820,,1,1,
TCRR,BCF,202,620,,1,1,
TCRR,BCF,202,640,,1,1,
TCRR,BCF,202,620,,1,1,
TCRR,BCF,202,320,,0,1,
TCRR,BCF,202,380,,1,1,
TCRR,BCF,202,310,,0,1,
TCRR,BCF,202,778,,0,1,4978
TCRR,BCF,202,690,,1,1,
TCRR,BCF,202,410,,1,1,
TCRR,BCF,202,650,,1,1,
TCRR,BCF,202,730,,1,1,
TCRR,BCF,202,700,,0,1,6511
TCRR,BCF,202,680,,1,1,
TCRR,BCF,202,570,,0,1,7152
TCRR,BCF,202,490,,0,1,8025
TCRR,BCF,202,530,,0,1,
TCRR,BCF,202,760,,1,1,
TCRR,BCF,202,830,,1,1,
TCRR,BCF,202,790,,1,1,
TCRR,BCF,202,560,,1,1,
TCRR,BCF,202,270,,0,1,
TCRR,BCF,202,670,,1,1,
TCRR,BCF,202,590,,1,1,
TCRR,BCF,202,630,,1,1,
TCRR,BCF,202,740,,1,1,
TCRR,BCF,202,620,,0,1,
TCRR,BCF,202,720,,1,1,
TCRR,BCF,202,660,,1,1,
TCRR,BCF,202,510,,0,1,
TCRR,BCF,202,450,,1,1,
TCRR,BCF,202,480,,0,1,
TCRR,BCF,202,440,,1,1,
TCRR,BCF,202,360,,1,1,
TCRR,BCF,202,500,,0,1,
TCRR,BCF,202,590,,1,1,
TCRR,BCF,202,660,,0,1,7654
TCRR,BCF,202,680,,1,1,
TCRR,BCF,202,440,,1,1,
TCRR,BCF,202,290,,0,1,
TCRR,BCF,202,420,,0,1,7059
TCRR,BCF,202,670,,1,1,
TCRR,BCF,202,430,,0,1,
TCRR,BCF,202,360,,1,1,
TCRR,BCF,202,650,,1,1,
TCRR,BCF,202,640,,1,1,
TCRR,BCF,202,740,,1,1,
TCRR,BCF,202,690,,1,1,
TCRR,BCF,202,880,,1,1,
TCRR,BCF,202,490,,0,1,8145
TCRR,BCF,202,920,,1,1,
TCRR,BCF,202,950,,1,1,
TCRR,BCF,205,500,,0,1,
TCRR,BCF,208,300,,0,1,
TCRR,BCF,208,320,,0,1,
TCRR,BCF,208,250,,1,1,
TCRR,BCF,208,280,,1,1,
TCRR,BCF,208,280,,0,1,
TCRR,BCF,208,310,,0,1,
TCRR,BCF,208,270,,0,1,
TCRR,BCF,208,300,,1,1,
TCRR,BCF,208,300,,0,1,
TCRR,BCF,208,290,,0,1,
TCRR,BCF,208,260,,1,1,
TCRR,BCF,208,310,,1,1,
TCRR,BCF,208,300,,0,1,
TCRR,BCF,208,440,,1,1,
TCRR,BCF,208,290,,0,1,
TCRR,BCF,208,310,,1,1,
TCRR,BCF,208,300,,0,1,
TCRR,BCF,208,290,,0,1,
TCRR,BCF,209,280,,1,1,
TCRR,BCF,210,610,,0,1,7248
TCRR,BCF,210,410,,1,1,
TCRR,BCF,210,510,,0,1,
TCRR,BCF,235,290,,0,1,
TCRR,BCF,235,430,,1,1,
TCRR,BCF,235,260,,0,1,
TCRR,BCF,235,510,,0,1,7014
TCRR,BCF,235,630,,1,1,
TCRR,BCF,235,610,,1,1,
TCRR,BCF,235,640,,1,1,
TCRR,BCF,235,570,,1,1,
TCRR,BCF,235,600,,1,1,
TCRR,BCF,235,880,,1,1,
TCRR,BCF,235,310,,0,1,
TCRR,BCF,235,290,,0,1,
TCRR,BCF,235,290,,0,1,
TCRR,BCF,235,300,,0,1,
TCRR,BCF,235,780,,0,1,6668
TCRR,BCF,235,710,,1,1,
TCRR,BCF,235,710,,1,1,
TCRR,BCF,235,570,,1,1,
TCRR,BCF,235,630,,1,1,
TCRR,BCF,235,460,,0,1,
TCRR,BCF,235,480,,0,1,
TCRR,BCF,235,290,,0,1,
TCRR,BCF,235,290,,0,1,
TCRR,BCF,235,300,,0,1,
TCRR,BCF,235,280,,0,1,
TCRR,BCF,235,280,,0,1,
TCRR,BCF,235,320,,0,1,
TCRR,BCF,235,290,,0,1,
TCRR,BCF,236,610,,1,1,
TCRR,BCF,236,510,,0,1,
TCRR,BCF,236,300,,0,1,
TCRR,BCF,236,620,,1,1,
TCRR,BCF,236,470,,0,1,
TCRR,BCF,236,570,,1,1,
TCRR,BCF,236,350,,0,1,7460
TCRR,BCF,236,300,,0,1,
TCRR,BCF,236,310,,0,1,
TCRR,BCF,242,306,,1,1,
TCRR,BCF,242,297,,0,1,
TCRR,BCF,242,310,,0,1,
TCRR,BCF,242,290,,1,1,
TCRR,BCF,242,270,,0,1,
TCRR,BCF,250,510,,0,1,
TCRR,BCF,255,270,,0,1,
TCRR,BCF,263,710,,0,1,
TCRR,BCF,263,690,,0,1,7831
TCRR,BCF,263,640,,0,1,
TCRR,BCF,263,570,,0,1,
TCRR,BCF,263,500,,0,1,
TCRR,BCF,263,620,,0,1,
TCRR,BCF,263,660,,0,1,8497
TCRR,BCF,263,530,,1,1,
TCRR,BCF,263,620,,0,1,
TCRR,BCF,263,640,,0,1,
TCRR,BCF,263,580,,0,1,
TCRR,BCF,263,660,,0,1,8497
TCRR,BCF,263,470,,0,1,
TCRR,BCF,263,760,,1,1,
TCRR,BCF,263,610,,0,1,
TCRR,BCF,263,640,,0,1,
TCRR,BCF,263,580,,0,1,
TCRR,BCF,263,580,,0,1,
TCRR,BCF,263,790,,1,1,
TCRR,BCF,263,580,,0,1,
TCRR,BCF,263,550,,0,1,
TCRR,BCF,263,820,,0,1,7849
TCRR,BCF,263,350,,1,1,
TCRR,BCF,263,620,,0,1,
TCRR,BCF,263,400,,0,1,
TCRR,BCF,263,830,,1,1,
TCRR,BCF,263,650,,0,1,
TCRR,BCF,263,770,,1,1,
TCRR,BCF,263,510,,0,1,
TCRR,BCF,263,610,,0,1,
TCRR,BCF,263,610,,0,1,
TCRR,BCF,263,690,,0,1,
TCRR,BCF,263,680,,0,1,6748
TCRR,BCF,263,580,,0,1,
TCRR,BCF,263,860,,1,1,
TCRR,BCF,263,660,,0,1,
TCRR,BCF,263,620,,0,1,8430
TCRR,BCF,263,770,,1,1,
TCRR,BCF,263,590,,0,1,
TCRR,BCF,263,410,,0,1,
TCRR,BCF,263,410,,0,1,
TCRR,BCF,263,820,,1,1,
TCRR,BCF,263,670,,0,1,8014
TCRR,BCF,263,740,,1,1,
TCRR,BCF,263,590,,0,1,
TCRR,BCF,263,670,,0,1,
TCRR,BCF,263,790,,0,1,7841
TCRR,BCF,263,690,,0,1,
TCRR,BCF,263,730,,0,1,
TCRR,BCF,263,660,,0,1,7610
TCRR,BCF,263,710,,0,1,7561
TCRR,BCF,263,620,,0,1,
TCRR,BCF,263,700,,0,1,
TCRR,BCF,263,470,,0,1,
TCRR,BCF,263,490,,0,1,
TCRR,BCF,263,570,,0,1,
TCRR,BCF,263,680,,0,1,
TCRR,BCF,263,350,,1,1,
TCRR,BCF,264,670,,0,1,
TCRR,BCF,264,600,,0,1,
TCRR,BCF,264,660,,0,1,
TCRR,BCF,264,780,,1,1,
TCRR,BCF,264,720,,0,1,
TCRR,BCF,264,690,,0,1,
TCRR,BCF,264,680,,0,1,
TCRR,BCF,264,710,,0,1,
TCRR,BCF,268,480,,0,1,
TCRR,BCF,268,510,,0,1,
TCRR,BCF,270,280,,0,1,
TCRR,BCF,270,270,,0,1,
TCRR,BCF,270,280,,0,1,
TCRR,BCF,270,270,,1,1,
TCRR,BCF,270,310,,0,1,
TCRR,BCF,270,280,,0,1,
TCRR,BCF,270,280,,0,1,
TCRR,BCF,270,250,,1,1,
TCRR,BCF,270,290,,0,1,
TCRR,BCF,270,270,,0,1,
TCRR,BCF,270,250,,1,1,
TCRR,BCF,270,280,,0,1,
TCRR,BCF,270,440,,0,1,
TCRR,BCF,270,670,,0,1,
TCRR,BCF,270,610,,0,1,
TCRR,BCF,278,550,,0,1,6591
TCRR,BCF,278,280,,0,1,
TCRR,BCF,278,490,,0,1,
TCRR,BCF,278,320,,0,1,
TCRR,BCF,278,420,,0,1,7121
TCRR,BCF,278,660,,0,1,
TCRR,BCF,278,460,,0,1,
TCRR,BCF,278,300,,0,1,
TCRR,BCF,278,300,,0,1,
TCRR,BCF,279,600,,0,1,
TCRR,BCF,279,190,,0,1,
TCRR,BCF,279,280,,0,1,
TCRR,BCF,279,580,,0,1,
TCRR,BCF,279,410,,0,1,
TCRR,BCF,279,290,,0,1,
TCRR,BCF,281,480,,0,1,
TCRR,BCF,281,810,,0,1,7807
TCRR,BCF,281,280,,0,1,
TCRR,BCF,281,490,,0,1,
TCRR,BCF,281,490,,0,1,
TCRR,BCF,281,410,,0,1,
TCRR,BCF,281,410,,0,1,
TCRR,BCF,281,670,,0,1,
TCRR,BCF,281,770,,0,1,7618
TCRR,BCF,281,680,,0,1,
TCRR,BCF,281,730,,1,1,
TCRR,BCF,281,700,,0,1,
TCRR,BCF,281,410,,0,1,
TCRR,BCF,281,290,,0,1,
TCRR,BCF,281,460,,0,1,
TCRR,BCF,281,350,,0,1,
TCRR,BCF,281,360,,0,1,
TCRR,BCF,285,330,,1,1,
TCRR,BCF,285,270,,0,1,
TCRR,BCF,285,290,,0,1,
TCRR,BCF,285,290,,0,1,
TCRR,BCF,285,340,,1,1,
TCRR,BCF,285,300,,0,1,
TCRR,BCF,285,280,,0,1,
TCRR,BCF,285,270,,0,1,
TCRR,BCF,285,310,,0,1,
TCRR,BCF,285,270,,0,1,
TCRR,BCF,285,260,,0,1,
TCRR,BCF,285,270,,0,1,
TCRR,BCF,285,270,,0,1,
TCRR,BCF,285,280,,0,1,
TCRR,BCF,285,270,,0,1,
TCRR,BCF,285,280,,0,1,
TCRR,BCF,285,270,,0,1,
TCRR,BCF,285,250,,0,1,
TCRR,BCF,285,250,,1,1,
TCRR,BCF,285,290,,0,1,
TCRR,BCF,285,300,,0,1,
TCRR,BCF,285,240,,1,1,
TCRR,BCF,285,290,,0,1,
TCRR,BCF,285,270,,0,1,
TCRR,BCF,285,270,,0,1,
TCRR,BCF,285,310,,0,1,
TCRR,BCF,285,270,,0,1,
TCRR,BCF,293,260,,0,1,
TCRR,BCF,293,260,,0,1,
TCRR,BCF,293,230,,0,1,
TCRR,BCF,293,280,,0,1,
TCRR,BCF,293,290,,0,1,
TCRR,BCF,293,270,,0,1,
TCRR,BCF,293,300,,0,1,
TCRR,BCF,293,280,,0,1,
TCRR,BCF,293,280,,0,1,
TCRR,BCF,293,270,,0,1,
TCRR,BCF,293,270,,0,1,
TCRR,BCF,293,260,,0,1,
TCRR,BCF,293,600,,0,1,
TCRR,BCF,293,590,,0,1,
TCRR,BCF,293,340,,1,1,
TCRR,BCF,293,280,,0,1,
TCRR,BCF,293,330,,0,1,
TCRR,BCF,293,270,,0,1,
TCRR,BCF,333,290,,0,1,
TCRR,BCF,333,280,,0,1,
TCRR,BCF,333,270,,0,1,
TCRR,BCF,334,330,,0,1,
TCRR,BCF,379,290,,0,1,
TCRR,BCF,395,300,,0,1,
TCRR,BCF,395,310,,0,1,
TCRR,BCF,414,290,,0,1,
TCRR,BCF,414,280,,0,1,
TCRR,BCF,414,280,,0,1,
TCRR,BCF,414,260,,0,1,
TCRR,BCF,414,280,,0,1,
TCRR,BCF,414,310,,0,1,
TCRR,BCF,414,260,,0,1,
TCRR,BCF,414,250,,0,1,
TCRR,BCF,414,310,,0,1,
TCRR,BCF,414,280,,0,1,
TCRR,BCF,414,290,,0,1,
TCRR,BCF,414,290,,0,1,
TCRR,BCF,414,180,,0,1,
TCRR,BCF,414,250,,0,1,
TCRR,BCF,414,270,,0,1,
TCRR,BCF,414,320,,0,1,
TCRR,BCF,416,280,,0,1,
TCRR,BCF,416,270,,0,1,
TCRR,BCF,416,240,,0,1,
TCRR,BCF,416,250,,0,1,
TCRR,BCF,416,290,,0,1,
TCRR,BCF,416,290,,0,1,
TCRR,BCF,416,280,,0,1,
TCRR,BCF,416,280,,0,1,
TCRR,BCF,416,240,,0,1,
TCRR,BCF,416,260,,0,1,
TCRR,BCF,416,280,,0,1,
TCRR,BCF,416,280,,0,1,
TCRR,BCF,416,130,,1,1,
TCRR,BCF,416,250,,0,1,
TCRR,BCF,416,260,,0,1,
TCRR,BCF,417,300,,0,1,
TCRR,BCF,424,500,,0,1,7912
TCRR,BCF,424,230,,0,1,
TCRR,BCF,424,690,,0,1,7936
TCRR,BCF,424,420,,0,1,
TCRR,BCF,424,270,,0,1,
TCRR,BCF,424,280,,0,1,
TCRR,BCF,424,260,,0,1,
TCRR,BCF,424,270,,0,1,
TCRR,BCF,424,280,,0,1,
TCRR,BCF,424,270,,0,1,
TCRR,BCF,424,260,,0,1,
TCRR,BCF,424,240,,0,1,
TCRR,BCF,424,300,,0,1,
TCRR,BCF,424,290,,0,1,
TCRR,BCF,424,170,,1,1,
TCRR,BCF,424,410,,0,1,
TCRR,BCF,424,280,,0,1,
TCRR,BCF,424,290,,0,1,
TCRR,BCF,424,510,,0,1,
TCRR,BCF,424,250,,0,1,
TCRR,BCF,424,520,,0,1,
TCRR,BCF,424,290,,0,1,
TCRR,BCF,425,270,,0,1,
TCRR,BCF,425,260,,0,1,
TCRR,BCF,425,270,,0,1,
TCRR,BCF,425,270,,0,1,
TCRR,BCF,425,290,,0,1,
TCRR,BCF,425,260,,0,1,
TCRR,BCF,425,240,,0,1,
TCRR,BCF,425,260,,0,1,
TCRR,BCF,425,270,,0,1,
TCRR,BCF,425,280,,0,1,
TCRR,BCF,425,280,,0,1,
TCRR,BCF,425,250,,0,1,
TCRR,BCF,425,260,,0,1,
TCRR,BCF,425,320,,0,1,
TCRR,BCF,425,300,,0,1,
TCRR,BCF,425,300,,0,1,
TCRR,BCF,425,300,,0,1,
TCRR,BCF,425,270,,0,1,
TCRR,BCF,425,260,,0,1,
TCRR,BCF,425,260,,0,1,
TCRR,BCF,425,270,,0,1,
TCRR,BCF,425,270,,0,1,
TCRR,BCF,425,270,,0,1,
TCRR,BCF,425,250,,0,1,
TCRR,BCF,425,270,,0,1,
TCRR,BCF,425,250,,0,1,
TCRR,BCF,434,260,,0,1,
TCRR,BCF,434,270,,0,1,
TCRR,BCF,434,270,,0,1,
TCRR,BCF,434,200,,0,1,
TCRR,BCF,434,270,,0,1,
TCRR,BCF,434,250,,0,1,
TCRR,BCF,434,300,,0,1,
TCRR,BCF,434,280,,0,1,
TCRR,BCF,434,290,,0,1,
TCRR,BCF,434,280,,0,1,
TCRR,BCF,434,250,,0,1,
TCRR,BCF,434,290,,0,1,
TCRR,BCF,434,280,,0,1,
TCRR,BCF,434,260,,0,1,
TCRR,BCF,434,260,,0,1,
TCRR,BCF,434,280,,0,1,
TCRR,BCF,434,300,,0,1,
TCRR,BCF,434,280,,0,1,
TCRR,BCF,434,200,,0,1,
TCRR,BCF,434,290,,0,1,
TCRR,BCF,434,270,,0,1,
TCRR,BCF,434,260,,0,1,
TCRR,BCF,434,270,,0,1,
TCRR,BCF,434,230,,0,1,
TCRR,BCF,434,260,,0,1,
TCRR,BCF,434,270,,0,1,
TCRR,BCF,442,260,,0,1,
TCRR,BCF,442,240,,1,1,
TCRR,BCF,442,290,,0,1,
TCRR,BCF,442,260,,0,1,
TCRR,BCF,442,210,,1,1,
TCRR,BCF,442,260,,0,1,
TCRR,BCF,442,900,,1,1,
TCRR,BCF,442,730,,0,1,
TCRR,BCF,442,580,,0,1,
TCRR,BCF,442,680,,0,1,
TCRR,BCF,442,260,,0,1,
TCRR,BCF,442,680,,0,1,7423
TCRR,BCF,442,700,,1,1,
TCRR,BCF,442,280,,0,1,
TCRR,BCF,442,300,,0,1,
TCRR,BCF,442,260,,0,1,
TCRR,BCF,442,290,,0,1,
TCRR,BCF,442,250,,1,1,
TCRR,BCF,442,250,,1,1,
TCRR,BCF,442,230,,1,1,
TCRR,BCF,442,260,,0,1,
TCRR,BCF,442,260,,0,1,
TCRR,BCF,442,300,,0,1,
TCRR,BCF,442,280,,0,1,
TCRR,BCF,442,290,,0,1,
TCRR,BCF,442,190,,1,1,
TCRR,BCF,442,200,,1,1,
TCRR,BCF,442,270,,0,1,
TCRR,BCF,442,250,,1,1,
TCRR,BCF,442,270,,0,1,
TCRR,BCF,442,240,,1,1,
TCRR,BCF,442,290,,0,1,
TCRR,BCF,442,740,,0,1,7649
TCRR,BCF,442,760,,0,1,8334
TCRR,BCF,442,710,,0,1,7917
TCRR,BCF,442,720,,0,1,
TCRR,BCF,442,660,,0,1,
TCRR,BCF,442,530,,1,1,
TCRR,BCF,442,650,,0,1,
TCRR,BCF,442,650,,0,1,
TCRR,BCF,442,700,,0,1,
TCRR,BCF,442,500,,0,1,
TCRR,BCF,442,720,,0,1,
TCRR,BCF,442,420,,0,1,
TCRR,BCF,442,270,,0,1,
TCRR,BCF,442,240,,1,1,
TCRR,BCF,442,230,,1,1,
TCRR,BCF,442,570,,0,1,
TCRR,BCF,442,790,,1,1,
TCRR,BCF,442,420,,0,1,
TCRR,BCF,442,220,,1,1,
TCRR,BCF,442,240,,0,1,
TCRR,BCF,442,230,,1,1,
TCRR,BCF,442,170,,1,1,
TCRR,BCF,449,260,,0,1,
TCRR,BCF,449,260,,0,1,
TCRR,BCF,450,290,,0,1,
TCRR,BCF,456,230,,1,1,
TCRR,BCF,456,660,,0,1,
TCRR,BCF,456,640,,1,1,
TCRR,BCF,456,280,,0,1,
TCRR,BCF,456,350,,1,1,
TCRR,BCF,456,280,,0,1,
TCRR,BCF,456,170,,0,1,
TCRR,BCF,459,460,,0,1,
TCRR,BCF,462,500,,0,1,
TCRR,BCF,463,280,,0,1,
TCRR,BCF,463,260,,0,1,
TCRR,BCF,463,270,,0,1,
TCRR,BCF,463,260,,0,1,
TCRR,BCF,463,280,,0,1,
TCRR,BCF,463,240,,0,1,
TCRR,BCF,463,500,,0,1,
TCRR,BCF,463,280,,0,1,
TCRR,BCF,463,240,,0,1,
TCRR,BCF,463,250,,0,1,
TCRR,BCF,463,300,,0,1,
TCRR,BCF,463,190,,0,1,
TCRR,BCF,463,270,,0,1,
TCRR,BCF,463,190,,0,1,
TCRR,BCF,463,250,,0,1,
TCRR,BCF,463,270,,0,1,
TCRR,BCF,463,280,,0,1,
TCRR,BCF,463,250,,0,1,
TCRR,BCF,463,230,,0,1,
TCRR,BCF,463,280,,0,1,
TCRR,BCF,463,250,,0,1,
TCRR,BCF,463,310,,0,1,
TCRR,BCF,463,310,,0,1,
TCRR,BCF,463,170,,0,1,
TCRR,BCF,463,250,,0,1,
TCRR,BCF,463,260,,0,1,
TCRR,BCF,463,280,,0,1,
TCRR,BCF,463,280,,0,1,
TCRR,BCF,463,290,,0,1,
TCRR,BCF,468,290,,0,1,
TCRR,BCF,468,170,,1,1,
TCRR,BCF,468,630,,0,1,
TCRR,BCF,468,270,,0,1,
TCRR,BCF,468,240,,0,1,
TCRR,BCF,468,250,,0,1,
TCRR,BCF,468,250,,0,1,
TCRR,BCF,468,300,,0,1,
TCRR,BCF,468,570,,0,1,
TCRR,BCF,468,170,,1,1,
TCRR,BCF,472,310,,0,1,
TCRR,BCF,472,500,,0,1,
TCRR,BCF,475,190,,0,1,
TCRR,BCF,475,270,,0,1,
TCRR,BCF,475,280,,0,1,
TCRR,BCF,475,260,,0,1,
TCRR,BCF,475,280,,0,1,
TCRR,BCF,475,250,,0,1,
TCRR,BCF,475,280,,0,1,
TCRR,BCF,475,280,,0,1,
TCRR,BCF,475,300,,0,1,
TCRR,BCF,475,260,,0,1,
TCRR,BCF,475,290,,0,1,
TCRR,BCF,475,270,,0,1,
TCRR,BCF,475,190,,0,1,
TCRR,BCF,479,280,,0,1,
TCRR,BCF,479,240,,0,1,
TCRR,BCF,479,290,,0,1,
TCRR,BCF,479,260,,0,1,
TCRR,BCF,479,290,,0,1,
TCRR,BCF,479,240,,0,1,
TCRR,BCF,479,280,,0,1,
TCRR,BCF,479,260,,0,1,
TCRR,BCF,479,280,,0,1,
TCRR,BCF,479,280,,0,1,
TCRR,BCF,479,280,,0,1,
TCRR,BCF,479,250,,0,1,
TCRR,BCF,479,270,,0,1,
TCRR,BCF,479,170,,1,1,
TCRR,BCF,479,170,,1,1,
TCRR,BCF,479,170,,1,1,
TCRR,BCF,479,260,,0,1,
TCRR,BCF,479,250,,0,1,
TCRR,BCF,479,180,,1,1,
TCRR,BCF,479,220,,1,1,
TCRR,BCF,479,220,,1,1,
TCRR,BCF,479,270,,0,1,
TCRR,BCF,479,270,,0,1,
TCRR,BCF,479,270,,0,1,
TCRR,BCF,479,250,,0,1,
TCRR,BCF,479,240,,0,1,
TCRR,BCF,479,230,,0,1,
TCRR,BCF,479,70,,0,1,
TCRR,BCF,479,260,,0,1,
TCRR,BCF,479,250,,0,1,
TCRR,BCF,479,260,,0,1,
TCRR,BCF,479,260,,0,1,
TCRR,BCF,479,270,,0,1,
TCRR,BCF,479,240,,0,1,
TCRR,BCF,479,190,,1,1,
TCRR,BCF,479,290,,0,1,
TCRR,BCF,486,170,,0,1,
TCRR,BCF,486,280,,0,1,
TCRR,BCF,486,300,,0,1,
TCRR,BCF,486,530,,0,1,
TCRR,BCF,486,290,,0,1,
TCRR,BCF,486,280,,0,1,
TCRR,BCF,486,310,,0,1,
TCRR,BCF,488,260,,0,1,
TCRR,BCF,488,180,,0,1,
TCRR,BCF,488,210,,0,1,
TCRR,BCF,488,500,,0,1,
TCRR,BCF,488,260,,0,1,
TCRR,BCF,488,200,,0,1,
TCRR,BCF,488,170,,0,1,
TCRR,BCF,488,160,,0,1,
TCRR,BCF,488,370,,0,1,
TCRR,BCF,488,280,,0,1,
TCRR,BCF,488,140,,1,1,
TCRR,BCF,488,310,,0,1,
TCRR,BCF,488,260,,0,1,
TCRR,BCF,488,250,,0,1,
TCRR,BCF,488,280,,0,1,
TCRR,BCF,488,270,,0,1,
TCRR,BCF,488,250,,0,1,
TCRR,BCF,488,280,,0,1,
TCRR,BCF,488,270,,0,1,
TCRR,BCF,488,250,,0,1,
TCRR,BCF,488,280,,0,1,
TCRR,BCF,488,260,,0,1,
TCRR,BCF,488,260,,0,1,
TCRR,BCF,488,290,,0,1,
TCRR,BCF,488,240,,0,1,
TCRR,BCF,488,290,,0,1,
TCRR,BCF,488,170,,0,1,
TCRR,BCF,488,260,,0,1,
TCRR,BCF,488,280,,0,1,
TCRR,BCF,492,290,,0,1,
TCRR,BCF,492,260,,0,1,
TCRR,BCF,492,250,,0,1,
TCRR,BCF,492,260,,0,1,
TCRR,BCF,492,280,,0,1,
TCRR,BCF,492,220,,1,1,
TCRR,BCF,492,160,,1,1,
TCRR,BCF,492,230,,0,1,
TCRR,BCF,492,230,,0,1,
TCRR,BCF,492,320,,0,1,
TCRR,BCF,492,230,,0,1,
TCRR,BCF,492,170,,1,1,
TCRR,BCF,492,170,,1,1,
TCRR,BCF,493,250,,0,1,
TCRR,BCF,493,530,,0,1,
TCRR,BCF,494,250,,0,1,
TCRR,BCF,494,250,,0,1,
TCRR,BCF,494,570,,0,1,
TCRR,BCF,503,290,,0,1,
TCRR,BCF,503,280,,0,1,
TCRR,BCF,503,250,,0,1,
TCRR,BCF,503,190,,1,1,
TCRR,BCF,506,690,,1,1,
TCRR,BCF,506,580,,0,1,
TCRR,BCF,506,250,,0,1,
TCRR,BCF,506,230,,1,1,
TCRR,BCF,506,260,,1,1,
TCRR,BCF,506,370,,0,1,
TCRR,BCF,506,510,,0,1,
TCRR,BCF,506,650,,0,1,
TCRR,BCF,515,180,,1,1,
TCRR,BCF,515,300,,0,1,
TCRR,BCF,515,280,,0,1,
TCRR,BCF,515,280,,0,1,
TCRR,BCF,515,250,,0,1,
TCRR,BCF,515,150,,1,1,
TCRR,BCF,515,250,,0,1,
TCRR,BCF,515,260,,0,1,
TCRR,BCF,515,280,,0,1,
TCRR,BCF,515,180,,1,1,
TCRR,BCF,515,260,,0,1,
TCRR,BCF,515,290,,0,1,
TCRR,BCF,515,260,,0,1,
TCRR,BCF,515,170,,0,1,
TCRR,BCF,530,250,,0,1,
TCRR,BCF,530,250,,0,1,
TCRR,BCF,530,280,,0,1,
TCRR,BCF,530,170,,1,1,
TCRR,BCF,530,190,,0,1,
TCRR,BCF,530,310,,0,1,
TCRR,BCF,530,220,,1,1,
TCRR,BCF,530,150,,0,1,
TCRR,BCF,530,120,,1,1,
TCRR,BCF,546,190,,0,1,
TCRR,BCF,546,170,,0,1,
TCRR,BCF,546,260,,0,1,
TCRR,BCF,563,170,,0,1,
WLFC,BCF,208,239,,0,1,
WLFC,BCF,208,286,,0,1,
WLFC,BCF,208,288,,0,1,
WLFC,BCF,206,316,,0,1,
WLFC,BCF,206,432,,0,1,
WLFC,BCF,206,302,,0,1,
WLFC,BCF,206,346,,0,1,
WLFC,BCF,206,232,,0,1,
WLFC,BCF,173,296,,0,1,
WLFC,BCF,173,357,,0,1,
WLFC,BCF,173,347,,0,1,
WLFC,BCF,173,329,,0,1,
WLFC,BCF,173,276,,0,1,
WLFC,BCF,173,286,,0,1,
WLFC,BCF,173,279,,0,1,
WLFC,BCF,173,348,,0,1,8877
WLFC,BCF,234,370,,1,1,
WLFC,BCF,234,361,,1,1,
WLFC,BCF,200,289,,0,1,
WLFC,BCF,200,378,,1,1,
WLFC,BCF,200,324,,1,1,9473
WLFC,BCF,121,810,5370,1,1,
WLFC,BCF,208,280,192,0,1,
WLFC,BCF,208,320,280,0,1,
WLFC,BCF,208,270,174,0,1,
WLFC,BCF,208,350,372,0,1,
WLFC,BCF,208,290,182,0,1,
WLFC,BCF,208,240,110,0,1,
WLFC,BCF,208,330,332,0,1,
WLFC,BCF,190,500,1108,0,1,
WLFC,BCF,206,370,400,0,1,
WLFC,BCF,206,320,262,0,1,
WLFC,BCF,206,370,32,0,1,
WLFC,BCF,206,370,420,0,1,
WLFC,BCF,173,310,196,0,1,
WLFC,BCF,173,340,328,0,1,
WLFC,BCF,173,430,630,0,1,
WLFC,BCF,173,430,332,0,1,
WLFC,BCF,173,300,198,0,1,
WLFC,BCF,173,320,204,0,1,
WLFC,BCF,173,370,432,0,1,
WLFC,BCF,173,310,242,0,1,
WLFC,BCF,173,360,400,0,1,
WLFC,BCF,173,280,154,0,1,
WLFC,BCF,173,330,276,0,1,
WLFC,BCF,173,210,64,0,1,
WLFC,BCF,173,341,310,0,1,
WLFC,BCF,173,290,188,0,1,
WLFC,BCF,173,230,96,0,1,
WLFC,BCF,202,700,4100,1,1,
WLFC,BCF,251,615,2562,1,1,
WLFC,BCF,200,897,8853,1,1,
WLFC,BCF,200,824,6356,1,1,
WLFC,BCF,200,640,2520,1,1,
WLFC,BCF,200,330,250,1,1,
WLFC,BCF,200,330,242,1,1,
WLFC,BCF,200,320,242,1,1,
WLFC,BCF,200,310,208,1,1,
WLFC,BCF,194,710,3859,1,1,8728
WLFC,BCF,52,548,1526,1,1,
WLFC,BCF,50,374,414,1,1,
WLFC,BCF,27,398,502,1,1,
WLFC,BCF,60,326,235,1,1,
WLFC,BCF,77,334,285,1,1,
WLFC,BCF,77,265,136,1,1,
WLFC,BCF,77,272,136,1,1,
WLFC,BCF,113,362,385,1,1,
WLFC,BCF,137,698,3298,1,1,
WLFC,BCF,115,384,462,1,1,
WLFC,BCF,94,255,148,1,1,
WLFC,BCF,94,300,238,1,1,
WLFC,BCF,94,312,264,1,1,
WLFC,BCF,94,690,3488,1,1,
WLFC,BCF,117,390,457,1,1,
WLFC,BCF,62,288,195,1,1,
WLFC,BCF,62,257,154,1,1,
WLFC,BCF,44,433,632,1,1,
WLFC,BCF,44,369,392,0,1,
WLFC,BCF,44,228,72,1,1,
WLFC,BCF,64,324,278,0,1,
WLFC,BCF,64,378,426,1,1,
WLFC,BCF,64,430,738,1,1,9391
WLFC,BCF,66,332,,1,1,
WLFC,BCF,35,247,118,1,1,
WLFC,BCF,20,751,7510,1,1,
WLFC,BCF,20,470,910,1,1,
WLFC,BCF,33,232,106,1,1,
WLFC,BCF,50,557,1776,1,1,
WLFC,BCF,50,415,606,1,1,10363
WLFC,BCF,50,281,210,1,1,
WLFC,BCF,50,228,136,0,1,
WLFC,BCF,27,239,115,1,1,
WLFC,BCF,27,302,240,1,1,
WLFC,BCF,60,612,2250,1,1,
WLFC,BCF,60,276,135,1,1,
WLFC,BCF,60,370,446,1,1,9180
WLFC,BCF,60,322,280,1,1,
WLFC,BCF,60,280,165,1,1,
WLFC,BCF,77,300,230,1,1,9378
WLFC,BCF,77,364,140,1,1,
WLFC,BCF,77,238,120,1,1,
WLFC,BCF,77,330,270,1,1,
WLFC,BCF,77,280,180,1,1,
WLFC,BCF,77,258,127,1,1,
WLFC,BCF,77,252,115,1,1,
WLFC,BCF,58,831,6220,1,1,
WLFC,BCF,92,360,370,1,1,
WLFC,BCF,92,221,80,1,1,
WLFC,BCF,92,350,360,1,1,
WLFC,BCF,113,302,248,1,1,
WLFC,BCF,113,360,450,1,1,
WLFC,BCF,113,268,160,1,1,
WLFC,BCF,137,730,4540,1,1,
WLFC,BCF,137,660,3718,1,1,
WLFC,BCF,137,780,5448,1,1,
WLFC,BCF,137,630,2724,1,1,
WLFC,BCF,137,760,5312,1,1,
WLFC,BCF,137,630,2951,1,1,
WLFC,BCF,137,660,3178,1,1,
WLFC,BCF,137,730,4767,1,1,
WLFC,BCF,115,341,660,1,1,
WLFC,BCF,94,700,4100,1,1,
WLFC,BCF,94,317,230,1,1,
WLFC,BCF,117,364,380,1,1,
WLFC,BCF,117,240,108,1,1,
WLFC,BCF,98,330,320,1,1,
WLFC,BCF,79,510,1170,1,1,
WLFC,BCF,79,362,430,1,1,
WLFC,BCF,79,366,420,1,1,
WLFC,BCF,62,260,180,1,1,
WLFC,BCF,62,445,760,1,1,
WLFC,BCF,62,427,704,1,1,
WLFC,BCF,62,400,560,1,1,
WLFC,BCF,62,260,150,1,1,
WLFC,BCF,62,257,150,1,1,
WLFC,BCF,44,380,500,1,1,
WLFC,BCF,44,525,1328,1,1,
WLFC,BCF,44,450,750,1,1,
WLFC,BCF,44,425,675,1,1,9380
WLFC,BCF,44,350,380,1,1,
WLFC,BCF,44,430,710,1,1,
WLFC,BCF,44,377,480,1,1,
WLFC,BCF,44,440,720,1,1,10437
WLFC,BCF,44,385,530,1,1,
WLFC,BCF,44,386,520,1,1,
WLFC,BCF,44,400,570,1,1,
WLFC,BCF,44,266,160,1,1,
WLFC,BCF,44,230,100,1,1,
WLFC,BCF,64,370,450,1,1,8875
WLFC,BCF,46,350,420,1,1,
WLFC,BCF,46,435,678,1,1,
WLFC,BCF,66,220,75,1,1,
WLFC,BCF,135,662,2280,1,1,
WLFC,BCF,135,750,3570,1,1,
WLFC,BCF,135,286,160,1,1,
WLFC,BCF,135,332,250,0,1,9275
WLFC,BCF,135,261,138,0,1,
WLFC,BCF,135,300,218,1,1,
WLFC,BCF,135,334,304,0,1,
WLFC,BCF,135,230,70,1,1,
WLFC,BCF,133,873,8399,1,1,
WLFC,BCF,133,690,3060,1,1,
WLFC,BCF,131,1070,16344,1,1,
WLFC,BCF,129,706,4230,1,1,
WLFC,BCF,127,685,3270,1,1,9056
WLFC,BCF,127,670,3180,1,1,
WLFC,BCF,127,620,2560,1,1,
WLFC,BCF,127,710,3160,1,1,
WLFC,BCF,145,350,384,1,1,
WLFC,BCF,145,372,418,0,1,
WLFC,BCF,147,328,304,0,1,
WLFC,BCF,147,340,370,1,1,
WLFC,BCF,147,283,176,0,1,
WLFC,BCF,147,345,354,1,1,
WLFC,BCF,163,262,144,0,1,
WLFC,BCF,163,455,714,1,1,
WLFC,BCF,163,330,,0,1,
WLFC,BCF,163,440,640,1,1,
WLFC,BCF,163,285,,0,1,
WLFC,BCF,163,270,188,1,1,
WLFC,BCF,163,230,110,0,1,
WLFC,BCF,163,350,370,1,1,
WLFC,BCF,163,280,,0,1,
WLFC,BCF,163,275,176,1,1,
WLFC,BCF,163,310,302,1,1,
WLFC,BCF,163,294,218,1,1,
WLFC,BCF,163,270,,0,1,
WLFC,BCF,163,300,250,0,1,
WLFC,BCF,163,295,222,1,1,
WLFC,BCF,163,750,3888,1,1,
WLFC,BCF,161,650,2518,1,1,
WLFC,BCF,161,708,3534,1,1,
WLFC,BCF,176,300,,0,1,
WLFC,BCF,176,320,,0,1,
WLFC,BCF,176,760,4128,1,1,
WLFC,BCF,176,729,4050,1,1,
WLFC,BCF,241,330,,0,1,
WLFC,BCF,241,370,,0,1,
WLFC,BCF,248,641,2830,1,1,
WLFC,BCF,215,410,549,1,1,10484
WLFC,BCF,180,320,,0,1,
WLFC,BCF,180,360,,0,1,
WLFC,BCF,180,370,,0,1,9416
WLFC,BCF,180,390,426,1,1,
WLFC,BCF,180,310,,0,1,
WLFC,BCF,180,391,518,1,1,
WLFC,BCF,180,380,472,1,1,8960
WLFC,BCF,180,360,,0,1,
WLFC,BCF,180,280,,0,1,
WLFC,BCF,180,330,,0,1,
WLFC,BCF,180,260,,0,1,
WLFC,BCF,180,340,342,1,1,
WLFC,BCF,180,260,,0,1,
WLFC,BCF,180,250,,0,1,
WLFC,BCF,180,250,,0,1,
WLFC,BCF,180,310,,0,1,
WLFC,BCF,180,350,,0,1,
WLFC,BCF,180,360,,0,1,
WLFC,BCF,180,260,,0,1,
WLFC,BCF,180,292,168,1,1,
WLFC,BCF,180,270,,0,1,
WLFC,BCF,180,250,,0,1,
WLFC,BCF,180,707,3826,1,1,
WLFC,BCF,180,603,2134,1,1,
WLFC,BCF,149,270,,0,1,
WLFC,BCF,149,250,,0,1,
WLFC,BCF,149,330,,0,1,
WLFC,BCF,149,300,,0,1,
WLFC,BCF,149,260,,0,1,
WLFC,BCF,149,260,,0,1,
WLFC,BCF,149,270,,0,1,
WLFC,BCF,149,270,,0,1,
WLFC,BCF,149,330,,0,1,
WLFC,BCF,149,260,,0,1,
WLFC,BCF,149,260,,0,1,
WLFC,BCF,198,330,,0,1,8957
WLFC,BCF,198,340,318,1,1,
WLFC,BCF,165,297,228,0,1,
WLFC,BCF,165,270,,0,1,
WLFC,BCF,165,310,,0,1,
WLFC,BCF,165,300,,0,1,
WLFC,BCF,165,310,,0,1,
WLFC,BCF,165,320,,0,1,
WLFC,BCF,165,320,,0,1,
WLFC,BCF,165,258,,0,1,
WLFC,BCF,165,300,,0,1,
WLFC,BCF,165,270,,0,1,
WLFC,BCF,167,300,,0,1,
WLFC,BCF,167,260,,0,1,
WLFC,BCF,167,270,,0,1,
WLFC,BCF,153,380,,0,1,9979
WLFC,BCF,153,690,3512,1,1,
WLFC,BCF,153,330,,0,1,
WLFC,BCF,153,244,122,1,1,
WLFC,BCF,155,790,3336,1,1,
WLFC,BCF,155,340,,0,1,
WLFC,BCF,155,360,,0,1,
WLFC,BCF,155,340,,0,1,
WLFC,BCF,29,370,,0,1,
WLFC,BCF,29,420,602,1,1,
WLFC,BCF,29,510,1186,1,1,
WLFC,BCF,31,350,,0,1,
WLFC,BCF,31,310,,0,1,
WLFC,BCF,31,398,543,1,1,
WLFC,BCF,135,766,5109,1,1,
WLFC,BCF,135,938,10600,1,1,
WLFC,BCF,135,365,370,0,1,
WLFC,BCF,127,706,3415,1,1,
WLFC,BCF,147,259,148,0,1,
WLFC,BCF,178,621,2286,1,1,
WLFC,BCF,178,252,114,0,1,
WLFC,BCF,178,329,286,0,1,
WLFC,BCF,178,278,160,1,1,
WLFC,BCF,161,242,116,1,1,
WLFC,BCF,176,271,169,0,1,
WLFC,BCF,176,283,183,0,1,
WLFC,BCF,176,271,134,0,1,
WLFC,BCF,180,472,584,1,1,8554
WLFC,BCF,180,336,320,0,1,
WLFC,BCF,180,351,338,0,1,
WLFC,BCF,180,354,366,0,1,
WLFC,BCF,180,386,502,1,1,
WLFC,BCF,180,357,360,0,1,
WLFC,BCF,180,282,168,0,1,
WLFC,BCF,180,372,428,0,1,
WLFC,BCF,180,334,308,0,1,
WLFC,BCF,180,237,104,0,1,
WLFC,BCF,180,295,190,1,1,
WLFC,BCF,180,293,144,0,1,
WLFC,BCF,180,276,155,0,1,
WLFC,BCF,149,285,195,0,1,
WLFC,BCF,149,256,116,0,1,
WLFC,BCF,149,272,148,0,1,
WLFC,BCF,149,266,126,0,1,
WLFC,BCF,165,275,166,0,1,
WLFC,BCF,165,278,167,0,1,
WLFC,BCF,153,656,3080,1,1,
WLFC,BCF,153,368,,0,1,
WLFC,BCF,153,277,,0,1,
WLFC,BCF,29,518,1370,1,1,
WLFC,BCF,29,485,1024,1,1,
WLFC,BCF,31,378,464,0,1,10426
WLFC,BCF,45,415,628,1,1,
WLFC,BCF,28,423,652,1,1,
WLFC,BCF,15,360,,0,1,
WLFC,BCF,5,700,,1,1,
WLFC,BCF,32,310,,0,1,
WLFC,BCF,32,260,,0,1,
WLFC,BCF,32,187,,1,1,
WLFC,BCF,32,730,2624,1,1,
WLFC,BCF,32,230,,0,1,
WLFC,BCF,32,320,,0,1,
WLFC,BCF,32,230,,0,1,
WLFC,BCF,32,250,,0,1,
WLFC,BCF,32,260,,0,1,
WLFC,BCF,32,457,778,1,1,
WLFC,BCF,34,482,980,1,1,
WLFC,BCF,34,480,1106,1,1,
WLFC,BCF,51,791,4560,1,1,
WLFC,BCF,51,630,2142,1,1,
WLFC,BCF,69,695,3076,1,1,
WLFC,BCF,49,610,2212,1,1,
WLFC,BCF,30,330,,0,1,
WLFC,BCF,30,460,582,1,1,9254
WLFC,BCF,30,360,,0,1,9393
WLFC,BCF,30,320,,0,1,
WLFC,BCF,30,220,,1,1,
WLFC,BCF,47,370,,0,1,
WLFC,BCF,47,370,,0,1,
WLFC,BCF,47,360,,0,1,
WLFC,BCF,65,360,,0,1,
WLFC,BCF,65,498,1162,1,1,8895
WLFC,BCF,65,766,5034,1,1,
WLFC,BCF,63,672,2570,1,1,
WLFC,BCF,63,710,2416,1,1,
WLFC,BCF,78,461,920,1,1,
WLFC,BCF,95,240,,0,1,
WLFC,BCF,95,350,,0,1,
WLFC,BCF,95,370,,0,1,
WLFC,BCF,95,670,3042,1,1,
WLFC,BCF,95,420,710,1,1,
WLFC,BCF,95,350,,0,1,
WLFC,BCF,95,350,,0,1,
WLFC,BCF,95,360,,0,1,
WLFC,BCF,95,390,,0,1,
WLFC,BCF,95,350,,0,1,9272
WLFC,BCF,95,660,2848,1,1,
WLFC,BCF,95,360,,0,1,9155
WLFC,BCF,95,370,,0,1,8892
WLFC,BCF,95,722,4678,1,1,
WLFC,BCF,95,610,2516,0,1,
WLFC,BCF,95,220,,0,1,
WLFC,BCF,95,620,2375,1,1,
WLFC,BCF,95,420,,0,1,
WLFC,BCF,95,740,4480,1,1,
WLFC,BCF,116,664,2570,1,1,9030
WLFC,BCF,116,660,3545,1,1,
WLFC,BCF,116,740,3992,1,1,
WLFC,BCF,156,290,,0,1,
WLFC,BCF,156,370,,0,1,
WLFC,BCF,136,700,,0,1,
WLFC,BCF,136,320,,0,1,
WLFC,BCF,136,320,,0,1,
WLFC,BCF,136,270,,0,1,
WLFC,BCF,114,650,1832,1,1,
WLFC,BCF,91,360,,0,1,
WLFC,BCF,91,350,,0,1,8701
WLFC,BCF,74,270,,0,1,
WLFC,BCF,93,270,,0,1,
WLFC,BCF,93,300,,0,1,
WLFC,BCF,93,250,,0,1,
WLFC,BCF,93,250,,0,1,
WLFC,BCF,76,743,4470,1,1,
WLFC,BCF,76,320,,0,1,
WLFC,BCF,41,360,,0,1,
WLFC,BCF,41,835,5068,1,1,
WLFC,BCF,61,280,,0,1,
WLFC,BCF,61,330,,0,1,
WLFC,BCF,61,240,,0,1,
WLFC,BCF,61,260,,0,1,
WLFC,BCF,61,240,,0,1,
WLFC,BCF,61,220,,0,1,
WLFC,BCF,61,250,,0,1,
WLFC,BCF,43,230,,0,1,
WLFC,BCF,43,400,,1,1,
WLFC,BCF,45,260,,0,1,
WLFC,BCF,32,245,,1,1,
WLFC,BCF,32,295,188,1,1,
WLFC,BCF,36,835,6901,1,1,
WLFC,BCF,30,415,692,1,1,
WLFC,BCF,30,400,546,1,1,
WLFC,BCF,30,246,,0,1,
WLFC,BCF,47,320,,0,1,
WLFC,BCF,47,374,,0,1,
WLFC,BCF,78,328,,0,1,
WLFC,BCF,95,450,863,1,1,
WLFC,BCF,95,745,4270,1,1,
WLFC,BCF,136,736,4837,1,1,
WLFC,BCF,114,280,,0,1,
WLFC,BCF,114,300,,0,1,
WLFC,BCF,114,283,,0,1,
WLFC,BCF,93,375,,0,1,
WLFC,BCF,93,270,,0,1,
WLFC,BCF,93,250,,0,1,
WLFC,BCF,93,253,,0,1,
WLFC,BCF,61,285,,0,1,
WLFC,BCF,61,280,,0,1,
WLFC,BCF,185,770,5870,1,1,
WLFC,BCF,183,595,2070,1,1,
WLFC,BCF,183,355,,0,1,
WLFC,BCF,183,745,4040,1,1,
WLFC,BCF,183,837,6200,1,1,
WLFC,BCF,218,375,,0,1,
WLFC,BCF,218,369,,0,1,
WLFC,BCF,218,430,,1,1,9184
WLFC,BCF,216,387,,0,1,
WLFC,BCF,231,686,3020,1,1,
WLFC,BCF,231,287,,0,1,
WLFC,BCF,177,433,,0,1,
WLFC,BCF,177,645,2600,1,1,
WLFC,BCF,177,710,3580,1,1,
WLFC,BCF,177,735,4220,0,1,
WLFC,BCF,177,347,,0,1,
WLFC,BCF,177,627,2680,1,1,
WLFC,BCF,177,320,,0,1,
WLFC,BCF,179,375,,0,1,
WLFC,BCF,179,265,,0,1,
WLFC,BCF,179,295,,0,1,
WLFC,BCF,181,328,,0,1,
WLFC,BCF,181,295,,0,1,
WLFC,BCF,181,340,,0,1,
WLFC,BCF,181,300,,0,1,
WLFC,BCF,181,235,,0,1,
WLFC,BCF,181,280,,0,1,
WLFC,BCF,181,298,,0,1,
WLFC,BCF,120,435,,0,1,
WLFC,BCF,120,480,,1,1,
WLFC,BCF,120,395,,0,1,
WLFC,BCF,120,435,,0,1,
WLFC,BCF,120,717,3590,1,1,
WLFC,BCF,207,470,868,1,1,
WLFC,BCF,207,435,748,1,1,
WLFC,BCF,207,570,1800,1,1,
WLFC,BCF,207,243,,0,1,
WLFC,BCF,209,280,,0,1,
WLFC,BCF,205,297,,0,1,
WLFC,BCF,189,360,,0,1,8633
WLFC,BCF,189,370,,0,1,
WLFC,BCF,172,450,1000,1,1,
WLFC,BCF,172,447,804,1,1,
WLFC,BCF,172,341,,0,1,
WLFC,BCF,172,350,,0,1,
WLFC,BCF,185,720,2620,1,1,
WLFC,BCF,183,950,11123,1,1,
WLFC,BCF,183,872,8399,1,1,
WLFC,BCF,183,859,7264,1,1,
WLFC,BCF,233,669,,0,1,
WLFC,BCF,218,359,,0,1,
WLFC,BCF,218,651,2580,1,1,
WLFC,BCF,218,338,,0,1,
WLFC,BCF,216,459,,0,1,8951
WLFC,BCF,216,280,,0,1,
WLFC,BCF,216,730,3816,1,1,
WLFC,BCF,231,1041,17252,1,1,
WLFC,BCF,231,760,4767,1,1,
WLFC,BCF,231,380,,0,1,
WLFC,BCF,231,265,,0,1,
WLFC,BCF,231,210,84,1,1,
WLFC,BCF,231,240,,0,1,
WLFC,BCF,231,280,,0,1,
WLFC,BCF,231,255,,0,1,
WLFC,BCF,231,260,,0,1,
WLFC,BCF,231,270,,0,1,
WLFC,BCF,231,280,,0,1,
WLFC,BCF,231,250,,0,1,
WLFC,BCF,242,875,10669,1,1,
WLFC,BCF,199,330,,0,1,
WLFC,BCF,199,813,5221,1,1,
WLFC,BCF,195,440,675,1,1,
WLFC,BCF,212,775,7832,1,1,
WLFC,BCF,177,530,1600,1,1,
WLFC,BCF,177,640,2880,1,1,
WLFC,BCF,177,600,2238,1,1,
WLFC,BCF,177,316,,0,1,
WLFC,BCF,177,450,,0,1,
WLFC,BCF,177,350,,0,1,8689
WLFC,BCF,177,730,,0,1,
WLFC,BCF,177,337,,0,1,
WLFC,BCF,177,650,3020,1,1,
WLFC,BCF,177,650,2832,1,1,
WLFC,BCF,177,550,1460,1,1,
WLFC,BCF,177,340,,0,1,
WLFC,BCF,179,270,,0,1,
WLFC,BCF,179,700,,0,1,
WLFC,BCF,179,290,,0,1,
WLFC,BCF,179,320,,0,1,
WLFC,BCF,179,270,,0,1,
WLFC,BCF,181,277,,0,1,
WLFC,BCF,181,260,,0,1,
WLFC,BCF,181,342,,0,1,
WLFC,BCF,181,340,,0,1,
WLFC,BCF,181,312,,0,1,
WLFC,BCF,181,300,,0,1,
WLFC,BCF,99,720,3972,1,1,
WLFC,BCF,120,920,10555,1,1,
WLFC,BCF,120,743,,0,1,
WLFC,BCF,120,650,,0,1,
WLFC,BCF,120,797,5448,1,1,
WLFC,BCF,120,762,,0,1,
WLFC,BCF,120,752,2497,1,1,
WLFC,BCF,120,385,,0,1,
WLFC,BCF,120,430,,0,1,
WLFC,BCF,112,372,,0,1,
WLFC,BCF,112,262,,0,1,
WLFC,BCF,112,250,,0,1,
WLFC,BCF,148,339,,0,1,
WLFC,BCF,128,354,,0,1,9981
WLFC,BCF,128,249,,0,1,
WLFC,BCF,128,597,2120,1,1,
WLFC,BCF,164,298,,0,1,
WLFC,BCF,164,275,,0,1,
WLFC,BCF,164,270,,0,1,
WLFC,BCF,150,262,,0,1,
WLFC,BCF,150,246,,0,1,
WLFC,BCF,166,297,,0,1,
WLFC,BCF,154,295,,0,1,
WLFC,BCF,154,296,,0,1,
WLFC,BCF,154,365,,0,1,
WLFC,BCF,154,275,,0,1,
WLFC,BCF,154,286,,0,1,
WLFC,BCF,112,900,8967,1,1,
WLFC,BCF,110,272,,0,1,
WLFC,BCF,148,364,,0,1,
WLFC,BCF,148,363,,0,1,
WLFC,BCF,148,340,,0,1,
WLFC,BCF,148,314,,0,1,
WLFC,BCF,148,328,,0,1,
WLFC,BCF,148,287,,0,1,
WLFC,BCF,148,245,,0,1,
WLFC,BCF,128,442,,0,1,
WLFC,BCF,128,697,,0,1,
WLFC,BCF,128,390,,0,1,
WLFC,BCF,128,626,2130,1,1,
WLFC,BCF,128,360,,0,1,
WLFC,BCF,128,290,,0,1,
WLFC,BCF,128,355,,0,1,
WLFC,BCF,128,358,,0,1,
WLFC,BCF,128,304,,0,1,
WLFC,BCF,128,290,,0,1,
WLFC,BCF,128,361,,0,1,
WLFC,BCF,146,276,,0,1,
WLFC,BCF,146,796,5090,1,1,
WLFC,BCF,146,291,,0,1,
WLFC,BCF,164,777,4950,1,1,
WLFC,BCF,164,338,,0,1,
WLFC,BCF,164,274,,0,1,
WLFC,BCF,150,371,,0,1,
WLFC,BCF,166,373,,0,1,8626
WLFC,BCF,166,360,,0,1,
WLFC,BCF,166,370,,0,1,
WLFC,BCF,166,259,,0,1,
WLFC,BCF,166,243,,0,1,
WLFC,BCF,154,275,,0,1,
WLFC,BCF,154,760,,0,1,
WLFC,BCF,154,281,,0,1,
WLFC,BCF,154,311,,0,1,
WLFC,BCF,154,282,,0,1,
WLFC,BCF,154,321,,0,1,
WLFC,BCF,154,279,,0,1,
WLFC,BCF,154,238,,0,1,
WLFC,BCF,154,269,,0,1,
WLFC,BCF,154,257,,0,1,
