impd,age,cmgrp,valid
MILR,2,140,1
MILR,2,140,1
MILR,2,150,1
MILR,2,150,1
MILR,2,150,1
MILR,2,150,1
MILR,2,150,1
MILR,2,150,1
MILR,2,150,1
MILR,2,160,1
MILR,2,160,1
MILR,2,160,1
MILR,2,160,1
MILR,2,160,1
MILR,2,160,1
MILR,2,160,1
MILR,2,160,1
MILR,2,160,1
MILR,2,160,1
MILR,2,160,1
MILR,2,160,1
MILR,2,160,1
MILR,2,160,1
MILR,2,160,1
MILR,2,170,1
MILR,2,170,1
MILR,2,170,1
MILR,2,170,1
MILR,2,170,1
MILR,2,170,1
MILR,2,170,1
MILR,2,170,1
MILR,2,170,1
MILR,2,170,1
MILR,2,170,1
MILR,2,170,1
MILR,2,170,1
MILR,2,170,1
MILR,2,170,1
MILR,2,170,1
MILR,2,170,1
MILR,2,180,1
MILR,2,180,1
MILR,2,180,1
MILR,2,180,1
MILR,2,180,1
MILR,2,180,1
MILR,2,180,1
MILR,2,180,1
MILR,2,180,1
MILR,2,180,1
MILR,2,180,1
MILR,2,180,1
MILR,2,180,1
MILR,2,180,1
MILR,2,180,1
MILR,2,180,1
MILR,2,180,1
MILR,2,190,1
MILR,2,190,1
MILR,2,190,1
MILR,2,190,1
MILR,2,190,1
MILR,2,190,1
MILR,2,190,1
MILR,2,190,1
MILR,2,190,1
MILR,2,190,1
MILR,2,190,1
MILR,2,200,1
MILR,2,200,1
MILR,2,200,1
MILR,2,200,1
MILR,2,200,1
MILR,2,200,1
MILR,2,200,1
MILR,2,200,1
MILR,2,200,1
MILR,2,200,1
MILR,2,200,1
MILR,2,210,1
MILR,2,210,1
MILR,2,210,1
MILR,2,210,1
MILR,2,210,1
MILR,2,210,1
MILR,2,210,1
MILR,2,210,1
MILR,2,210,1
MILR,2,210,1
MILR,2,210,1
MILR,2,210,1
MILR,2,210,1
MILR,2,210,1
MILR,2,210,1
MILR,2,210,1
MILR,2,210,1
MILR,2,210,1
MILR,2,210,1
MILR,3,210,1
MILR,2,220,1
MILR,2,220,1
MILR,2,220,1
MILR,2,220,1
MILR,2,220,1
MILR,3,220,1
MILR,2,220,1
MILR,2,220,1
MILR,2,220,1
MILR,2,220,1
MILR,2,220,1
MILR,2,220,1
MILR,2,220,1
MILR,2,220,1
MILR,2,220,1
MILR,2,220,1
MILR,2,220,1
MILR,2,230,1
MILR,2,230,1
MILR,2,230,1
MILR,2,230,1
MILR,2,230,1
MILR,2,230,1
MILR,3,230,1
MILR,2,230,1
MILR,2,230,1
MILR,2,230,1
MILR,2,230,1
MILR,2,230,1
MILR,2,230,1
MILR,2,230,1
MILR,2,230,1
MILR,2,230,1
MILR,2,230,1
MILR,2,230,1
MILR,2,230,1
MILR,2,230,1
MILR,2,230,1
MILR,2,230,1
MILR,2,230,1
MILR,2,230,1
MILR,2,230,1
MILR,2,230,1
MILR,2,230,1
MILR,2,230,1
MILR,2,230,1
MILR,2,240,1
MILR,3,240,1
MILR,3,240,1
MILR,2,240,1
MILR,2,240,1
MILR,2,240,1
MILR,2,240,1
MILR,2,240,1
MILR,2,240,1
MILR,2,240,1
MILR,2,240,1
MILR,2,240,1
MILR,2,240,1
MILR,2,240,1
MILR,2,240,1
MILR,2,240,1
MILR,2,240,1
MILR,2,240,1
MILR,2,240,1
MILR,2,240,1
MILR,2,240,1
MILR,2,240,1
MILR,2,240,1
MILR,2,240,1
MILR,2,240,1
MILR,2,240,1
MILR,3,240,1
MILR,2,240,1
MILR,2,240,1
MILR,2,240,1
MILR,2,240,1
MILR,2,240,1
MILR,2,240,1
MILR,2,250,1
MILR,2,250,1
MILR,3,250,1
MILR,2,250,1
MILR,3,250,1
MILR,2,250,1
MILR,2,250,1
MILR,3,250,1
MILR,2,250,1
MILR,2,250,1
MILR,2,250,1
MILR,2,250,1
MILR,2,250,1
MILR,2,250,1
MILR,2,250,1
MILR,2,250,1
MILR,2,250,1
MILR,2,250,1
MILR,2,250,1
MILR,2,250,1
MILR,3,250,1
MILR,2,250,1
MILR,2,250,1
MILR,2,250,1
MILR,2,250,1
MILR,2,250,1
MILR,2,250,1
MILR,2,250,1
MILR,2,250,1
MILR,2,250,1
MILR,2,260,1
MILR,2,260,1
MILR,3,260,1
MILR,3,260,1
MILR,2,260,1
MILR,2,260,1
MILR,2,260,1
MILR,2,260,1
MILR,3,260,1
MILR,2,260,1
MILR,2,260,1
MILR,2,260,1
MILR,3,260,1
MILR,2,260,1
MILR,2,260,1
MILR,3,260,1
MILR,2,260,1
MILR,3,260,1
MILR,2,260,1
MILR,3,260,1
MILR,2,260,1
MILR,3,260,1
MILR,2,260,1
MILR,2,260,1
MILR,3,260,1
MILR,2,260,1
MILR,3,270,1
MILR,2,270,1
MILR,3,270,1
MILR,3,270,1
MILR,2,270,1
MILR,2,270,1
MILR,3,270,1
MILR,3,270,1
MILR,2,270,1
MILR,2,270,1
MILR,3,270,1
MILR,3,270,1
MILR,3,270,1
MILR,3,270,1
MILR,2,270,1
MILR,2,270,1
MILR,3,270,1
MILR,2,270,1
MILR,2,270,1
MILR,3,270,1
MILR,2,270,1
MILR,2,280,1
MILR,3,280,1
MILR,2,280,1
MILR,2,280,1
MILR,3,280,1
MILR,3,280,1
MILR,3,280,1
MILR,3,280,1
MILR,3,280,1
MILR,2,280,1
MILR,3,280,1
MILR,3,280,1
MILR,3,280,1
MILR,2,280,1
MILR,3,280,1
MILR,2,280,1
MILR,3,280,1
MILR,3,280,1
MILR,2,280,1
MILR,2,280,1
MILR,2,280,1
MILR,3,280,1
MILR,3,280,1
MILR,3,280,1
MILR,3,280,1
MILR,3,280,1
MILR,3,280,1
MILR,3,280,1
MILR,3,280,1
MILR,3,280,1
MILR,3,280,1
MILR,2,280,1
MILR,3,290,1
MILR,3,290,1
MILR,2,290,1
MILR,3,290,1
MILR,2,290,1
MILR,3,290,1
MILR,3,290,1
MILR,3,290,1
MILR,3,290,1
MILR,3,290,1
MILR,3,290,1
MILR,3,290,1
MILR,4,290,1
MILR,2,290,1
MILR,3,290,1
MILR,3,290,1
MILR,3,290,1
MILR,3,290,1
MILR,3,290,1
MILR,3,290,1
MILR,2,290,1
MILR,3,290,1
MILR,4,290,1
MILR,3,290,1
MILR,3,300,1
MILR,3,300,1
MILR,3,300,1
MILR,3,300,1
MILR,3,300,1
MILR,2,300,1
MILR,3,300,1
MILR,3,300,1
MILR,4,300,1
MILR,3,300,1
MILR,3,300,1
MILR,3,300,1
MILR,3,300,1
MILR,3,300,1
MILR,3,300,1
MILR,3,300,1
MILR,3,300,1
MILR,3,300,1
MILR,3,300,1
MILR,3,300,1
MILR,3,300,1
MILR,3,300,1
MILR,3,300,1
MILR,3,300,1
MILR,2,300,1
MILR,3,300,1
MILR,2,300,1
MILR,3,310,1
MILR,3,310,1
MILR,3,310,1
MILR,3,310,1
MILR,3,310,1
MILR,2,310,1
MILR,3,310,1
MILR,3,310,1
MILR,3,310,1
MILR,3,310,1
MILR,3,310,1
MILR,3,310,1
MILR,2,310,1
MILR,2,310,1
MILR,3,310,1
MILR,3,310,1
MILR,3,310,1
MILR,4,320,1
MILR,3,320,1
MILR,4,320,1
MILR,3,320,1
MILR,4,320,1
MILR,3,330,1
MILR,3,330,1
MILR,4,330,1
MILR,4,330,1
MILR,4,330,1
MILR,4,330,1
MILR,4,330,1
MILR,4,330,1
MILR,3,330,1
MILR,3,330,1
MILR,4,340,1
MILR,4,340,1
MILR,4,350,1
MILR,4,350,1
MILR,4,350,1
MILR,4,360,1
MILR,4,360,1
MILR,4,360,1
MILR,4,360,1
MILR,4,360,1
MILR,4,370,1
MILR,4,370,1
MILR,4,380,1
MILR,4,380,1
MILR,4,380,1
MILR,4,380,1
MILR,4,380,1
MILR,4,380,1
MILR,4,380,1
MILR,4,390,1
MILR,4,390,1
MILR,4,390,1
MILR,4,390,1
MILR,4,390,1
MILR,4,390,1
MILR,4,390,1
MILR,4,400,1
MILR,4,400,1
MILR,4,400,1
MILR,4,400,1
MILR,4,400,1
MILR,4,400,1
MILR,4,400,1
MILR,4,400,1
MILR,4,400,1
MILR,4,400,1
MILR,4,410,1
MILR,4,410,1
MILR,4,410,1
MILR,4,410,1
MILR,4,410,1
MILR,4,410,1
MILR,4,410,1
MILR,4,410,1
MILR,4,410,1
MILR,4,410,1
MILR,4,410,1
MILR,4,410,1
MILR,4,410,1
MILR,4,410,1
MILR,4,410,1
MILR,4,410,1
MILR,4,410,1
MILR,7,410,1
MILR,4,410,1
MILR,4,420,1
MILR,4,420,1
MILR,4,420,1
MILR,4,420,1
MILR,7,420,1
MILR,4,420,1
MILR,4,420,1
MILR,4,420,1
MILR,4,430,1
MILR,8,430,1
MILR,4,430,1
MILR,4,430,1
MILR,7,430,1
MILR,7,430,1
MILR,7,430,1
MILR,4,430,1
MILR,7,430,1
MILR,4,430,1
MILR,4,430,1
MILR,8,430,1
MILR,4,430,1
MILR,7,430,1
MILR,8,430,1
MILR,6,430,1
MILR,4,430,1
MILR,4,440,1
MILR,9,440,1
MILR,8,440,1
MILR,4,440,1
MILR,4,440,1
MILR,8,440,1
MILR,8,440,1
MILR,4,440,1
MILR,8,440,1
MILR,7,440,1
MILR,7,440,1
MILR,6,440,1
MILR,7,440,1
MILR,8,450,1
MILR,4,450,1
MILR,8,450,1
MILR,8,450,1
MILR,8,450,1
MILR,7,450,1
MILR,9,450,1
MILR,8,450,1
MILR,8,450,1
MILR,7,450,1
MILR,8,450,1
MILR,8,460,1
MILR,7,460,1
MILR,8,460,1
MILR,8,460,1
MILR,8,460,1
MILR,8,460,1
MILR,8,460,1
MILR,8,460,1
MILR,6,460,1
MILR,8,460,1
MILR,9,460,1
MILR,8,460,1
MILR,8,460,1
MILR,7,460,1
MILR,8,460,1
MILR,8,470,1
MILR,8,470,1
MILR,8,470,1
MILR,9,470,1
MILR,8,470,1
MILR,8,470,1
MILR,7,470,1
MILR,7,480,1
MILR,8,480,1
MILR,8,480,1
MILR,9,480,1
MILR,8,480,1
MILR,8,480,1
MILR,8,480,1
MILR,9,480,1
MILR,8,480,1
MILR,7,480,1
MILR,8,490,1
MILR,8,490,1
MILR,8,490,1
MILR,8,490,1
MILR,8,490,1
MILR,9,490,1
MILR,8,490,1
MILR,8,490,1
MILR,8,490,1
MILR,9,490,1
MILR,8,490,1
MILR,9,500,1
MILR,8,500,1
MILR,8,500,1
MILR,8,500,1
MILR,8,500,1
MILR,9,500,1
MILR,8,510,1
MILR,8,510,1
MILR,9,510,1
MILR,8,510,1
MILR,8,510,1
MILR,8,510,1
MILR,9,520,1
MILR,8,520,1
MILR,9,520,1
MILR,9,520,1
MILR,8,520,1
MILR,8,530,1
MILR,8,530,1
MILR,10,530,1
MILR,9,530,1
MILR,9,530,1
MILR,9,530,1
MILR,8,530,1
MILR,8,540,1
MILR,10,540,1
MILR,9,540,1
MILR,8,540,1
MILR,9,540,1
MILR,8,540,1
MILR,9,540,1
MILR,9,540,1
MILR,10,540,1
MILR,8,540,1
MILR,9,550,1
MILR,9,550,1
MILR,10,550,1
MILR,8,550,1
MILR,9,550,1
MILR,8,550,1
MILR,8,560,1
MILR,9,560,1
MILR,9,560,1
MILR,11,560,1
MILR,8,560,1
MILR,10,560,1
MILR,9,560,1
MILR,9,570,1
MILR,10,570,1
MILR,9,570,1
MILR,9,570,1
MILR,10,570,1
MILR,9,580,1
MILR,9,580,1
MILR,9,580,1
MILR,10,590,1
MILR,11,590,1
MILR,11,590,1
MILR,10,590,1
MILR,9,590,1
MILR,11,590,1
MILR,9,590,1
MILR,9,590,1
MILR,8,600,1
MILR,12,600,1
MILR,9,610,1
MILR,9,620,1
MILR,11,620,1
MILR,10,620,1
MILR,11,630,1
MILR,11,630,1
MILR,13,640,1
MILR,11,640,1
MILR,11,640,1
MILR,13,650,1
MILR,11,650,1
MILR,13,660,1
MILR,12,670,1
MILR,12,680,1
MILR,11,680,1
MILR,12,730,1
MILR,14,740,1
MILR,12,760,1
MILR,18,770,1
MILR,12,780,1
MILR,14,790,1
MILR,14,800,1
MILR,14,890,1
MILR,14,890,1
MILR,13,890,1
MILR,17,900,1
MILR,16,900,1
MILR,14,900,1
MILR,16,910,1
MILR,16,940,1
MILR,14,950,1
MILR,18,950,1
MILR,14,970,1
MILR,14,970,1
MILR,14,980,1
MILR,15,980,1
MILR,16,1000,1
MILR,14,1100,1
MILR,16,1170,1
MILR,2,150,1
MILR,2,150,1
MILR,2,160,1
MILR,2,160,1
MILR,2,160,1
MILR,2,160,1
MILR,2,160,1
MILR,2,160,1
MILR,2,160,1
MILR,2,160,1
MILR,2,160,1
MILR,2,160,1
MILR,2,160,1
MILR,2,160,1
MILR,2,160,1
MILR,2,160,1
MILR,2,160,1
MILR,2,160,1
MILR,2,160,1
MILR,2,160,1
MILR,2,160,1
MILR,2,160,1
MILR,2,160,1
MILR,2,160,1
MILR,2,160,1
MILR,2,160,1
MILR,2,170,1
MILR,2,170,1
MILR,2,170,1
MILR,2,170,1
MILR,2,170,1
MILR,2,170,1
MILR,2,170,1
MILR,2,170,1
MILR,2,170,1
MILR,2,170,1
MILR,2,170,1
MILR,2,170,1
MILR,2,170,1
MILR,2,170,1
MILR,2,170,1
MILR,2,170,1
MILR,2,170,1
MILR,2,170,1
MILR,2,170,1
MILR,2,170,1
MILR,2,170,1
MILR,2,170,1
MILR,2,170,1
MILR,2,170,1
MILR,2,170,1
MILR,2,170,1
MILR,2,170,1
MILR,2,170,1
MILR,2,180,1
MILR,2,180,1
MILR,2,180,1
MILR,2,180,1
MILR,2,180,1
MILR,2,180,1
MILR,2,180,1
MILR,2,180,1
MILR,2,180,1
MILR,2,180,1
MILR,2,180,1
MILR,2,180,1
MILR,2,180,1
MILR,2,180,1
MILR,2,180,1
MILR,2,180,1
MILR,2,180,1
MILR,2,180,1
MILR,2,180,1
MILR,2,180,1
MILR,2,180,1
MILR,2,180,1
MILR,2,180,1
MILR,2,180,1
MILR,2,180,1
MILR,2,180,1
MILR,2,180,1
MILR,2,190,1
MILR,2,190,1
MILR,2,190,1
MILR,2,190,1
MILR,2,190,1
MILR,2,190,1
MILR,2,190,1
MILR,2,190,1
MILR,2,190,1
MILR,2,190,1
MILR,2,190,1
MILR,2,190,1
MILR,2,190,1
MILR,2,200,1
MILR,2,200,1
MILR,2,200,1
MILR,2,200,1
MILR,2,200,1
MILR,2,200,1
MILR,2,200,1
MILR,2,200,1
MILR,2,200,1
MILR,2,200,1
MILR,2,200,1
MILR,2,200,1
MILR,2,200,1
MILR,2,200,1
MILR,2,200,1
MILR,2,200,1
MILR,2,200,1
MILR,2,200,1
MILR,2,200,1
MILR,2,200,1
MILR,2,200,1
MILR,2,200,1
MILR,2,200,1
MILR,2,200,1
MILR,2,200,1
MILR,2,200,1
MILR,2,210,1
MILR,2,210,1
MILR,2,210,1
MILR,2,210,1
MILR,2,210,1
MILR,2,210,1
MILR,2,210,1
MILR,2,210,1
MILR,2,210,1
MILR,2,210,1
MILR,2,210,1
MILR,2,210,1
MILR,2,210,1
MILR,2,210,1
MILR,2,210,1
MILR,2,210,1
MILR,2,210,1
MILR,2,210,1
MILR,2,210,1
MILR,3,210,1
MILR,2,210,1
MILR,2,210,1
MILR,2,210,1
MILR,2,210,1
MILR,2,210,1
MILR,2,210,1
MILR,2,210,1
MILR,2,210,1
MILR,2,210,1
MILR,2,210,1
MILR,2,210,1
MILR,2,210,1
MILR,2,210,1
MILR,2,210,1
MILR,2,210,1
MILR,2,210,1
MILR,2,210,1
MILR,2,210,1
MILR,2,210,1
MILR,2,210,1
MILR,2,210,1
MILR,2,210,1
MILR,2,210,1
MILR,2,210,1
MILR,2,210,1
MILR,2,210,1
MILR,2,210,1
MILR,2,210,1
MILR,2,210,1
MILR,2,210,1
MILR,2,210,1
MILR,2,210,1
MILR,2,210,1
MILR,2,210,1
MILR,2,210,1
MILR,2,210,1
MILR,2,210,1
MILR,2,210,1
MILR,2,210,1
MILR,2,210,1
MILR,2,210,1
MILR,2,210,1
MILR,2,210,1
MILR,2,210,1
MILR,2,210,1
MILR,2,210,1
MILR,2,210,1
MILR,2,210,1
MILR,2,210,1
MILR,2,210,1
MILR,2,210,1
MILR,2,210,1
MILR,2,210,1
MILR,2,210,1
MILR,2,210,1
MILR,2,210,1
MILR,2,210,1
MILR,2,210,1
MILR,2,210,1
MILR,2,210,1
MILR,2,210,1
MILR,2,210,1
MILR,2,210,1
MILR,2,210,1
MILR,2,210,1
MILR,2,210,1
MILR,2,210,1
MILR,2,210,1
MILR,2,210,1
MILR,2,210,1
MILR,2,210,1
MILR,2,210,1
MILR,2,210,1
MILR,2,210,1
MILR,2,210,1
MILR,2,210,1
MILR,2,210,1
MILR,2,210,1
MILR,2,210,1
MILR,2,210,1
MILR,2,210,1
MILR,2,210,1
MILR,2,210,1
MILR,2,210,1
MILR,2,210,1
MILR,2,210,1
MILR,2,210,1
MILR,2,210,1
MILR,2,210,1
MILR,2,210,1
MILR,3,210,1
MILR,2,210,1
MILR,2,210,1
MILR,2,210,1
MILR,2,210,1
MILR,2,220,1
MILR,2,220,1
MILR,2,220,1
MILR,2,220,1
MILR,2,220,1
MILR,2,220,1
MILR,2,220,1
MILR,2,220,1
MILR,2,220,1
MILR,2,220,1
MILR,2,220,1
MILR,2,220,1
MILR,2,220,1
MILR,2,220,1
MILR,2,220,1
MILR,2,220,1
MILR,2,220,1
MILR,2,220,1
MILR,2,220,1
MILR,2,220,1
MILR,2,220,1
MILR,2,220,1
MILR,2,220,1
MILR,2,220,1
MILR,2,220,1
MILR,2,220,1
MILR,2,220,1
MILR,2,220,1
MILR,2,220,1
MILR,2,220,1
MILR,3,220,1
MILR,2,220,1
MILR,2,220,1
MILR,3,220,1
MILR,2,220,1
MILR,2,220,1
MILR,2,220,1
MILR,2,220,1
MILR,2,220,1
MILR,2,220,1
MILR,2,220,1
MILR,2,220,1
MILR,2,220,1
MILR,2,220,1
MILR,2,220,1
MILR,2,220,1
MILR,2,220,1
MILR,2,220,1
MILR,2,220,1
MILR,3,220,1
MILR,2,220,1
MILR,2,220,1
MILR,3,220,1
MILR,2,220,1
MILR,2,220,1
MILR,2,220,1
MILR,2,220,1
MILR,2,220,1
MILR,2,220,1
MILR,2,220,1
MILR,2,220,1
MILR,2,220,1
MILR,2,220,1
MILR,2,220,1
MILR,2,220,1
MILR,2,220,1
MILR,2,220,1
MILR,2,220,1
MILR,2,220,1
MILR,2,220,1
MILR,2,220,1
MILR,2,220,1
MILR,2,220,1
MILR,2,220,1
MILR,2,220,1
MILR,2,220,1
MILR,2,220,1
MILR,2,220,1
MILR,2,220,1
MILR,2,220,1
MILR,2,220,1
MILR,2,220,1
MILR,2,220,1
MILR,2,220,1
MILR,2,220,1
MILR,2,220,1
MILR,2,220,1
MILR,2,220,1
MILR,2,220,1
MILR,2,220,1
MILR,2,220,1
MILR,2,220,1
MILR,2,220,1
MILR,2,220,1
MILR,2,220,1
MILR,2,220,1
MILR,2,220,1
MILR,2,220,1
MILR,2,220,1
MILR,2,220,1
MILR,2,220,1
MILR,2,220,1
MILR,2,220,1
MILR,2,220,1
MILR,2,220,1
MILR,2,220,1
MILR,2,220,1
MILR,2,220,1
MILR,2,220,1
MILR,2,220,1
MILR,2,220,1
MILR,2,220,1
MILR,2,220,1
MILR,2,220,1
MILR,2,220,1
MILR,2,220,1
MILR,2,220,1
MILR,2,220,1
MILR,2,220,1
MILR,2,220,1
MILR,2,220,1
MILR,2,220,1
MILR,2,220,1
MILR,2,220,1
MILR,2,220,1
MILR,3,220,1
MILR,2,220,1
MILR,2,220,1
MILR,2,220,1
MILR,3,220,1
MILR,2,220,1
MILR,2,220,1
MILR,2,220,1
MILR,2,220,1
MILR,2,220,1
MILR,2,220,1
MILR,2,220,1
MILR,2,220,1
MILR,2,220,1
MILR,2,220,1
MILR,2,220,1
MILR,2,220,1
MILR,2,220,1
MILR,2,220,1
MILR,2,220,1
MILR,2,220,1
MILR,2,220,1
MILR,2,220,1
MILR,2,220,1
MILR,2,220,1
MILR,2,220,1
MILR,2,220,1
MILR,2,220,1
MILR,2,220,1
MILR,2,220,1
MILR,2,220,1
MILR,2,220,1
MILR,2,220,1
MILR,2,220,1
MILR,2,220,1
MILR,2,220,1
MILR,2,220,1
MILR,2,220,1
MILR,2,220,1
MILR,2,220,1
MILR,2,220,1
MILR,2,220,1
MILR,2,220,1
MILR,2,220,1
MILR,2,220,1
MILR,2,220,1
MILR,2,220,1
MILR,2,220,1
MILR,2,220,1
MILR,2,220,1
MILR,2,220,1
MILR,2,220,1
MILR,2,220,1
MILR,2,220,1
MILR,2,220,1
MILR,3,220,1
MILR,2,220,1
MILR,2,220,1
MILR,2,220,1
MILR,2,220,1
MILR,2,220,1
MILR,2,220,1
MILR,2,220,1
MILR,3,220,1
MILR,2,220,1
MILR,2,220,1
MILR,2,220,1
MILR,2,220,1
MILR,2,220,1
MILR,2,220,1
MILR,2,220,1
MILR,2,220,1
MILR,2,220,1
MILR,2,220,1
MILR,2,220,1
MILR,3,220,1
MILR,2,220,1
MILR,2,220,1
MILR,2,220,1
MILR,2,220,1
MILR,2,220,1
MILR,2,220,1
MILR,2,220,1
MILR,2,220,1
MILR,2,220,1
MILR,2,220,1
MILR,2,220,1
MILR,2,220,1
MILR,2,220,1
MILR,2,220,1
MILR,2,220,1
MILR,2,220,1
MILR,2,220,1
MILR,2,220,1
MILR,2,220,1
MILR,2,220,1
MILR,2,220,1
MILR,2,220,1
MILR,2,220,1
MILR,2,220,1
MILR,2,220,1
MILR,2,220,1
MILR,2,220,1
MILR,2,220,1
MILR,2,220,1
MILR,2,220,1
MILR,2,220,1
MILR,2,220,1
MILR,2,220,1
MILR,2,230,1
MILR,2,230,1
MILR,2,230,1
MILR,2,230,1
MILR,2,230,1
MILR,2,230,1
MILR,2,230,1
MILR,2,230,1
MILR,2,230,1
MILR,2,230,1
MILR,2,230,1
MILR,2,230,1
MILR,2,230,1
MILR,2,230,1
MILR,2,230,1
MILR,2,230,1
MILR,2,230,1
MILR,2,230,1
MILR,2,230,1
MILR,2,230,1
MILR,2,230,1
MILR,2,230,1
MILR,2,230,1
MILR,2,230,1
MILR,2,230,1
MILR,3,230,1
MILR,2,230,1
MILR,2,230,1
MILR,2,230,1
MILR,2,230,1
MILR,2,230,1
MILR,2,230,1
MILR,2,230,1
MILR,2,230,1
MILR,2,230,1
MILR,2,230,1
MILR,2,230,1
MILR,2,230,1
MILR,2,230,1
MILR,2,230,1
MILR,2,230,1
MILR,3,230,1
MILR,2,230,1
MILR,3,230,1
MILR,2,230,1
MILR,2,230,1
MILR,2,230,1
MILR,2,230,1
MILR,2,230,1
MILR,2,230,1
MILR,2,230,1
MILR,2,230,1
MILR,2,230,1
MILR,2,230,1
MILR,2,230,1
MILR,2,230,1
MILR,2,230,1
MILR,2,230,1
MILR,2,230,1
MILR,2,230,1
MILR,2,230,1
MILR,2,230,1
MILR,2,230,1
MILR,2,230,1
MILR,2,230,1
MILR,2,230,1
MILR,2,230,1
MILR,2,230,1
MILR,2,230,1
MILR,2,230,1
MILR,2,230,1
MILR,2,230,1
MILR,3,230,1
MILR,2,230,1
MILR,2,230,1
MILR,2,230,1
MILR,2,230,1
MILR,2,230,1
MILR,2,230,1
MILR,2,230,1
MILR,2,230,1
MILR,2,230,1
MILR,2,230,1
MILR,2,230,1
MILR,2,230,1
MILR,2,230,1
MILR,2,230,1
MILR,2,230,1
MILR,2,230,1
MILR,3,230,1
MILR,2,230,1
MILR,2,230,1
MILR,2,230,1
MILR,2,230,1
MILR,2,230,1
MILR,2,230,1
MILR,2,230,1
MILR,2,230,1
MILR,2,230,1
MILR,2,230,1
MILR,2,230,1
MILR,2,230,1
MILR,3,230,1
MILR,2,230,1
MILR,2,230,1
MILR,2,230,1
MILR,2,230,1
MILR,2,230,1
MILR,2,230,1
MILR,2,230,1
MILR,3,230,1
MILR,2,230,1
MILR,2,230,1
MILR,2,230,1
MILR,3,230,1
MILR,2,230,1
MILR,2,230,1
MILR,2,230,1
MILR,2,230,1
MILR,2,230,1
MILR,2,230,1
MILR,2,230,1
MILR,2,230,1
MILR,3,230,1
MILR,3,230,1
MILR,2,230,1
MILR,2,230,1
MILR,3,230,1
MILR,2,230,1
MILR,2,230,1
MILR,2,230,1
MILR,2,230,1
MILR,2,230,1
MILR,2,230,1
MILR,2,230,1
MILR,2,230,1
MILR,2,230,1
MILR,2,230,1
MILR,3,230,1
MILR,2,230,1
MILR,2,230,1
MILR,2,230,1
MILR,2,230,1
MILR,2,230,1
MILR,2,230,1
MILR,2,230,1
MILR,2,230,1
MILR,2,230,1
MILR,2,230,1
MILR,2,230,1
MILR,2,230,1
MILR,2,230,1
MILR,2,230,1
MILR,2,230,1
MILR,2,230,1
MILR,3,230,1
MILR,2,230,1
MILR,2,230,1
MILR,2,230,1
MILR,3,230,1
MILR,2,230,1
MILR,2,230,1
MILR,2,230,1
MILR,2,230,1
MILR,2,230,1
MILR,2,230,1
MILR,2,230,1
MILR,2,230,1
MILR,2,230,1
MILR,2,230,1
MILR,2,230,1
MILR,2,230,1
MILR,2,230,1
MILR,2,230,1
MILR,2,230,1
MILR,2,230,1
MILR,2,230,1
MILR,2,230,1
MILR,2,230,1
MILR,2,230,1
MILR,2,230,1
MILR,2,230,1
MILR,2,230,1
MILR,2,230,1
MILR,2,230,1
MILR,2,230,1
MILR,2,230,1
MILR,2,230,1
MILR,3,230,1
MILR,2,230,1
MILR,3,230,1
MILR,2,230,1
MILR,3,230,1
MILR,2,230,1
MILR,2,230,1
MILR,2,230,1
MILR,2,230,1
MILR,2,230,1
MILR,2,230,1
MILR,2,230,1
MILR,2,230,1
MILR,2,230,1
MILR,2,230,1
MILR,2,230,1
MILR,2,230,1
MILR,2,230,1
MILR,2,230,1
MILR,2,230,1
MILR,2,230,1
MILR,2,230,1
MILR,2,230,1
MILR,2,230,1
MILR,2,230,1
MILR,2,230,1
MILR,2,230,1
MILR,2,230,1
MILR,2,230,1
MILR,2,230,1
MILR,2,230,1
MILR,2,230,1
MILR,2,230,1
MILR,3,230,1
MILR,3,230,1
MILR,2,230,1
MILR,2,230,1
MILR,2,230,1
MILR,2,230,1
MILR,2,230,1
MILR,2,230,1
MILR,2,230,1
MILR,2,230,1
MILR,2,230,1
MILR,2,230,1
MILR,2,230,1
MILR,2,230,1
MILR,2,230,1
MILR,2,230,1
MILR,2,230,1
MILR,2,230,1
MILR,2,230,1
MILR,2,230,1
MILR,2,230,1
MILR,2,230,1
MILR,2,230,1
MILR,2,230,1
MILR,2,240,1
MILR,2,240,1
MILR,2,240,1
MILR,2,240,1
MILR,2,240,1
MILR,2,240,1
MILR,2,240,1
MILR,2,240,1
MILR,2,240,1
MILR,2,240,1
MILR,2,240,1
MILR,2,240,1
MILR,3,240,1
MILR,2,240,1
MILR,2,240,1
MILR,2,240,1
MILR,2,240,1
MILR,2,240,1
MILR,2,240,1
MILR,2,240,1
MILR,2,240,1
MILR,2,240,1
MILR,3,240,1
MILR,3,240,1
MILR,2,240,1
MILR,3,240,1
MILR,2,240,1
MILR,2,240,1
MILR,2,240,1
MILR,3,240,1
MILR,3,240,1
MILR,2,240,1
MILR,2,240,1
MILR,2,240,1
MILR,2,240,1
MILR,2,240,1
MILR,3,240,1
MILR,3,240,1
MILR,2,240,1
MILR,2,240,1
MILR,3,240,1
MILR,2,240,1
MILR,3,240,1
MILR,3,240,1
MILR,2,240,1
MILR,3,240,1
MILR,3,240,1
MILR,2,240,1
MILR,2,240,1
MILR,2,240,1
MILR,2,240,1
MILR,2,240,1
MILR,2,240,1
MILR,2,240,1
MILR,2,240,1
MILR,2,240,1
MILR,2,240,1
MILR,2,240,1
MILR,2,240,1
MILR,2,240,1
MILR,2,240,1
MILR,2,240,1
MILR,2,240,1
MILR,2,240,1
MILR,2,240,1
MILR,2,240,1
MILR,2,240,1
MILR,2,240,1
MILR,2,240,1
MILR,2,240,1
MILR,2,240,1
MILR,2,240,1
MILR,2,240,1
MILR,3,240,1
MILR,2,240,1
MILR,2,240,1
MILR,2,240,1
MILR,2,240,1
MILR,3,240,1
MILR,2,240,1
MILR,2,240,1
MILR,2,240,1
MILR,2,240,1
MILR,2,240,1
MILR,2,240,1
MILR,2,240,1
MILR,2,240,1
MILR,2,240,1
MILR,2,240,1
MILR,2,240,1
MILR,2,240,1
MILR,2,240,1
MILR,2,240,1
MILR,3,240,1
MILR,2,240,1
MILR,2,240,1
MILR,2,240,1
MILR,3,240,1
MILR,2,240,1
MILR,2,240,1
MILR,2,240,1
MILR,2,240,1
MILR,3,240,1
MILR,2,240,1
MILR,2,240,1
MILR,2,240,1
MILR,2,240,1
MILR,2,240,1
MILR,2,240,1
MILR,2,240,1
MILR,2,240,1
MILR,2,240,1
MILR,2,240,1
MILR,2,240,1
MILR,2,240,1
MILR,2,240,1
MILR,2,240,1
MILR,2,240,1
MILR,2,240,1
MILR,2,240,1
MILR,2,240,1
MILR,2,240,1
MILR,2,240,1
MILR,2,240,1
MILR,2,240,1
MILR,2,240,1
MILR,2,240,1
MILR,2,240,1
MILR,2,240,1
MILR,2,240,1
MILR,2,240,1
MILR,2,240,1
MILR,2,240,1
MILR,2,240,1
MILR,2,240,1
MILR,2,240,1
MILR,2,240,1
MILR,2,240,1
MILR,2,240,1
MILR,2,240,1
MILR,2,240,1
MILR,2,240,1
MILR,2,240,1
MILR,2,240,1
MILR,2,240,1
MILR,2,240,1
MILR,2,240,1
MILR,2,240,1
MILR,3,240,1
MILR,2,240,1
MILR,2,240,1
MILR,2,240,1
MILR,2,240,1
MILR,2,240,1
MILR,2,240,1
MILR,3,240,1
MILR,2,240,1
MILR,3,240,1
MILR,2,250,1
MILR,2,250,1
MILR,2,250,1
MILR,2,250,1
MILR,2,250,1
MILR,3,250,1
MILR,2,250,1
MILR,2,250,1
MILR,2,250,1
MILR,2,250,1
MILR,2,250,1
MILR,3,250,1
MILR,2,250,1
MILR,2,250,1
MILR,2,250,1
MILR,2,250,1
MILR,2,250,1
MILR,2,250,1
MILR,2,250,1
MILR,3,250,1
MILR,2,250,1
MILR,2,250,1
MILR,3,250,1
MILR,2,250,1
MILR,2,250,1
MILR,2,250,1
MILR,3,250,1
MILR,2,250,1
MILR,2,250,1
MILR,2,250,1
MILR,2,250,1
MILR,2,250,1
MILR,2,250,1
MILR,2,250,1
MILR,3,250,1
MILR,3,250,1
MILR,3,250,1
MILR,2,250,1
MILR,2,250,1
MILR,2,250,1
MILR,3,250,1
MILR,3,250,1
MILR,3,250,1
MILR,2,250,1
MILR,2,250,1
MILR,2,250,1
MILR,2,250,1
MILR,3,250,1
MILR,2,250,1
MILR,2,250,1
MILR,3,250,1
MILR,2,250,1
MILR,2,250,1
MILR,2,250,1
MILR,2,250,1
MILR,2,250,1
MILR,2,250,1
MILR,2,250,1
MILR,3,250,1
MILR,3,250,1
MILR,2,250,1
MILR,3,250,1
MILR,3,250,1
MILR,2,250,1
MILR,2,250,1
MILR,2,250,1
MILR,3,250,1
MILR,3,250,1
MILR,2,250,1
MILR,2,250,1
MILR,2,250,1
MILR,3,250,1
MILR,2,250,1
MILR,2,250,1
MILR,2,250,1
MILR,2,250,1
MILR,2,250,1
MILR,3,250,1
MILR,2,250,1
MILR,2,250,1
MILR,2,250,1
MILR,3,250,1
MILR,2,250,1
MILR,2,250,1
MILR,2,250,1
MILR,2,250,1
MILR,2,250,1
MILR,2,250,1
MILR,2,250,1
MILR,2,250,1
MILR,2,250,1
MILR,2,250,1
MILR,2,250,1
MILR,3,250,1
MILR,2,250,1
MILR,3,250,1
MILR,2,250,1
MILR,2,250,1
MILR,2,250,1
MILR,3,250,1
MILR,3,250,1
MILR,2,250,1
MILR,2,250,1
MILR,2,250,1
MILR,2,250,1
MILR,2,250,1
MILR,2,250,1
MILR,2,250,1
MILR,2,250,1
MILR,3,250,1
MILR,2,250,1
MILR,2,250,1
MILR,2,250,1
MILR,2,250,1
MILR,2,250,1
MILR,2,250,1
MILR,2,250,1
MILR,2,250,1
MILR,2,250,1
MILR,2,250,1
MILR,2,250,1
MILR,2,260,1
MILR,3,260,1
MILR,3,260,1
MILR,2,260,1
MILR,2,260,1
MILR,2,260,1
MILR,2,260,1
MILR,2,260,1
MILR,2,260,1
MILR,2,260,1
MILR,2,260,1
MILR,3,260,1
MILR,2,260,1
MILR,3,260,1
MILR,3,260,1
MILR,2,260,1
MILR,2,260,1
MILR,2,260,1
MILR,2,260,1
MILR,2,260,1
MILR,2,260,1
MILR,3,260,1
MILR,3,260,1
MILR,2,260,1
MILR,2,260,1
MILR,2,260,1
MILR,2,260,1
MILR,2,260,1
MILR,2,260,1
MILR,2,260,1
MILR,2,260,1
MILR,3,260,1
MILR,2,260,1
MILR,2,260,1
MILR,2,260,1
MILR,3,260,1
MILR,3,260,1
MILR,2,260,1
MILR,2,260,1
MILR,2,260,1
MILR,3,260,1
MILR,2,260,1
MILR,2,260,1
MILR,2,260,1
MILR,2,260,1
MILR,3,260,1
MILR,2,260,1
MILR,2,260,1
MILR,3,260,1
MILR,3,260,1
MILR,2,260,1
MILR,2,260,1
MILR,2,260,1
MILR,3,260,1
MILR,3,260,1
MILR,2,260,1
MILR,2,260,1
MILR,2,260,1
MILR,3,260,1
MILR,3,260,1
MILR,2,260,1
MILR,2,260,1
MILR,3,260,1
MILR,3,260,1
MILR,2,260,1
MILR,3,260,1
MILR,3,260,1
MILR,2,260,1
MILR,2,260,1
MILR,2,260,1
MILR,3,260,1
MILR,2,260,1
MILR,2,260,1
MILR,2,260,1
MILR,3,260,1
MILR,2,260,1
MILR,2,260,1
MILR,3,260,1
MILR,2,260,1
MILR,3,260,1
MILR,3,260,1
MILR,3,260,1
MILR,2,260,1
MILR,3,260,1
MILR,2,260,1
MILR,2,260,1
MILR,3,260,1
MILR,2,260,1
MILR,2,260,1
MILR,2,260,1
MILR,2,260,1
MILR,2,260,1
MILR,2,260,1
MILR,2,260,1
MILR,2,260,1
MILR,2,260,1
MILR,2,260,1
MILR,2,260,1
MILR,2,260,1
MILR,2,260,1
MILR,2,260,1
MILR,3,260,1
MILR,2,260,1
MILR,2,260,1
MILR,3,260,1
MILR,2,260,1
MILR,2,260,1
MILR,2,260,1
MILR,3,260,1
MILR,2,260,1
MILR,3,260,1
MILR,2,260,1
MILR,3,260,1
MILR,2,260,1
MILR,2,260,1
MILR,3,260,1
MILR,2,260,1
MILR,2,260,1
MILR,3,260,1
MILR,3,260,1
MILR,2,260,1
MILR,2,260,1
MILR,3,260,1
MILR,2,260,1
MILR,2,260,1
MILR,2,260,1
MILR,2,260,1
MILR,2,260,1
MILR,3,260,1
MILR,2,270,1
MILR,2,270,1
MILR,3,270,1
MILR,2,270,1
MILR,3,270,1
MILR,2,270,1
MILR,2,270,1
MILR,2,270,1
MILR,2,270,1
MILR,3,270,1
MILR,3,270,1
MILR,2,270,1
MILR,2,270,1
MILR,2,270,1
MILR,2,270,1
MILR,2,270,1
MILR,3,270,1
MILR,3,270,1
MILR,2,270,1
MILR,2,270,1
MILR,2,270,1
MILR,3,270,1
MILR,3,270,1
MILR,3,270,1
MILR,2,270,1
MILR,2,270,1
MILR,3,270,1
MILR,3,270,1
MILR,3,270,1
MILR,2,270,1
MILR,2,270,1
MILR,2,270,1
MILR,3,270,1
MILR,2,270,1
MILR,3,270,1
MILR,3,270,1
MILR,3,270,1
MILR,3,270,1
MILR,2,270,1
MILR,3,270,1
MILR,2,270,1
MILR,2,270,1
MILR,2,270,1
MILR,2,270,1
MILR,3,270,1
MILR,2,270,1
MILR,3,270,1
MILR,2,270,1
MILR,2,270,1
MILR,3,270,1
MILR,3,270,1
MILR,2,270,1
MILR,2,270,1
MILR,3,270,1
MILR,2,270,1
MILR,3,270,1
MILR,3,270,1
MILR,3,270,1
MILR,2,270,1
MILR,3,270,1
MILR,3,270,1
MILR,2,270,1
MILR,2,270,1
MILR,3,270,1
MILR,3,270,1
MILR,3,270,1
MILR,2,270,1
MILR,2,270,1
MILR,2,270,1
MILR,3,270,1
MILR,3,270,1
MILR,2,270,1
MILR,2,270,1
MILR,2,270,1
MILR,2,270,1
MILR,3,270,1
MILR,3,270,1
MILR,3,270,1
MILR,2,270,1
MILR,2,270,1
MILR,2,270,1
MILR,2,270,1
MILR,3,270,1
MILR,3,270,1
MILR,3,270,1
MILR,3,270,1
MILR,2,270,1
MILR,3,270,1
MILR,3,270,1
MILR,2,270,1
MILR,3,270,1
MILR,2,270,1
MILR,2,270,1
MILR,3,270,1
MILR,3,270,1
MILR,2,270,1
MILR,3,270,1
MILR,2,270,1
MILR,2,270,1
MILR,2,270,1
MILR,2,270,1
MILR,2,270,1
MILR,2,270,1
MILR,3,270,1
MILR,2,270,1
MILR,2,270,1
MILR,2,270,1
MILR,3,270,1
MILR,2,270,1
MILR,3,270,1
MILR,3,270,1
MILR,3,270,1
MILR,2,270,1
MILR,2,270,1
MILR,3,270,1
MILR,3,270,1
MILR,2,270,1
MILR,2,270,1
MILR,2,270,1
MILR,2,270,1
MILR,3,270,1
MILR,3,270,1
MILR,3,270,1
MILR,2,270,1
MILR,3,270,1
MILR,2,270,1
MILR,3,270,1
MILR,3,270,1
MILR,3,270,1
MILR,2,270,1
MILR,2,270,1
MILR,3,270,1
MILR,3,270,1
MILR,2,270,1
MILR,3,270,1
MILR,2,270,1
MILR,3,270,1
MILR,3,270,1
MILR,2,270,1
MILR,2,270,1
MILR,2,270,1
MILR,3,270,1
MILR,2,270,1
MILR,2,270,1
MILR,2,270,1
MILR,2,270,1
MILR,3,270,1
MILR,2,270,1
MILR,3,270,1
MILR,2,270,1
MILR,2,270,1
MILR,3,270,1
MILR,2,270,1
MILR,3,280,1
MILR,3,280,1
MILR,2,280,1
MILR,2,280,1
MILR,3,280,1
MILR,3,280,1
MILR,2,280,1
MILR,2,280,1
MILR,3,280,1
MILR,2,280,1
MILR,2,280,1
MILR,3,280,1
MILR,2,280,1
MILR,3,280,1
MILR,3,280,1
MILR,2,280,1
MILR,2,280,1
MILR,3,280,1
MILR,2,280,1
MILR,3,280,1
MILR,3,280,1
MILR,2,280,1
MILR,3,280,1
MILR,3,280,1
MILR,3,280,1
MILR,2,280,1
MILR,3,280,1
MILR,3,280,1
MILR,2,280,1
MILR,2,280,1
MILR,2,280,1
MILR,3,280,1
MILR,3,280,1
MILR,3,280,1
MILR,3,280,1
MILR,3,280,1
MILR,2,280,1
MILR,2,280,1
MILR,3,280,1
MILR,3,280,1
MILR,3,280,1
MILR,3,280,1
MILR,3,280,1
MILR,3,280,1
MILR,2,280,1
MILR,2,280,1
MILR,2,280,1
MILR,3,280,1
MILR,3,280,1
MILR,3,280,1
MILR,3,280,1
MILR,2,280,1
MILR,2,280,1
MILR,2,280,1
MILR,3,280,1
MILR,3,280,1
MILR,3,280,1
MILR,3,280,1
MILR,3,280,1
MILR,2,280,1
MILR,3,280,1
MILR,2,280,1
MILR,2,280,1
MILR,2,280,1
MILR,3,280,1
MILR,2,280,1
MILR,2,280,1
MILR,2,280,1
MILR,2,280,1
MILR,3,280,1
MILR,3,280,1
MILR,2,280,1
MILR,3,280,1
MILR,3,280,1
MILR,3,280,1
MILR,2,280,1
MILR,2,280,1
MILR,3,280,1
MILR,3,280,1
MILR,2,280,1
MILR,2,280,1
MILR,2,280,1
MILR,3,280,1
MILR,2,280,1
MILR,2,280,1
MILR,3,280,1
MILR,2,280,1
MILR,2,280,1
MILR,2,280,1
MILR,2,280,1
MILR,3,280,1
MILR,2,280,1
MILR,2,280,1
MILR,2,280,1
MILR,2,280,1
MILR,3,280,1
MILR,3,280,1
MILR,3,280,1
MILR,3,280,1
MILR,3,280,1
MILR,3,280,1
MILR,3,280,1
MILR,3,280,1
MILR,3,280,1
MILR,3,280,1
MILR,2,280,1
MILR,2,280,1
MILR,3,280,1
MILR,3,280,1
MILR,3,280,1
MILR,3,280,1
MILR,3,280,1
MILR,3,280,1
MILR,2,280,1
MILR,3,280,1
MILR,3,280,1
MILR,2,280,1
MILR,3,280,1
MILR,3,280,1
MILR,2,280,1
MILR,3,280,1
MILR,3,280,1
MILR,2,280,1
MILR,3,280,1
MILR,2,280,1
MILR,2,280,1
MILR,2,280,1
MILR,2,280,1
MILR,3,280,1
MILR,3,280,1
MILR,3,280,1
MILR,3,280,1
MILR,2,280,1
MILR,2,280,1
MILR,2,280,1
MILR,3,280,1
MILR,3,280,1
MILR,3,280,1
MILR,3,280,1
MILR,3,290,1
MILR,2,290,1
MILR,3,290,1
MILR,2,290,1
MILR,3,290,1
MILR,2,290,1
MILR,3,290,1
MILR,3,290,1
MILR,3,290,1
MILR,3,290,1
MILR,3,290,1
MILR,3,290,1
MILR,2,290,1
MILR,3,290,1
MILR,3,290,1
MILR,3,290,1
MILR,3,290,1
MILR,3,290,1
MILR,3,290,1
MILR,3,290,1
MILR,3,290,1
MILR,2,290,1
MILR,2,290,1
MILR,3,290,1
MILR,3,290,1
MILR,2,290,1
MILR,3,290,1
MILR,3,290,1
MILR,3,290,1
MILR,3,290,1
MILR,3,290,1
MILR,3,290,1
MILR,2,290,1
MILR,3,290,1
MILR,2,290,1
MILR,2,290,1
MILR,2,290,1
MILR,3,290,1
MILR,3,290,1
MILR,3,290,1
MILR,3,290,1
MILR,3,290,1
MILR,3,290,1
MILR,3,290,1
MILR,3,290,1
MILR,3,290,1
MILR,2,290,1
MILR,2,290,1
MILR,3,290,1
MILR,2,290,1
MILR,3,290,1
MILR,3,290,1
MILR,3,290,1
MILR,2,290,1
MILR,3,290,1
MILR,2,290,1
MILR,3,290,1
MILR,3,290,1
MILR,3,290,1
MILR,3,290,1
MILR,3,290,1
MILR,3,290,1
MILR,3,290,1
MILR,3,290,1
MILR,2,290,1
MILR,3,290,1
MILR,2,290,1
MILR,2,290,1
MILR,3,290,1
MILR,2,290,1
MILR,3,290,1
MILR,3,290,1
MILR,2,290,1
MILR,3,290,1
MILR,3,290,1
MILR,2,290,1
MILR,2,290,1
MILR,2,290,1
MILR,3,290,1
MILR,2,290,1
MILR,3,290,1
MILR,2,290,1
MILR,3,290,1
MILR,3,290,1
MILR,3,290,1
MILR,3,290,1
MILR,3,290,1
MILR,3,290,1
MILR,2,290,1
MILR,3,290,1
MILR,2,290,1
MILR,3,290,1
MILR,2,290,1
MILR,3,290,1
MILR,3,290,1
MILR,3,290,1
MILR,3,290,1
MILR,3,290,1
MILR,3,290,1
MILR,3,290,1
MILR,3,290,1
MILR,3,300,1
MILR,2,300,1
MILR,4,300,1
MILR,3,300,1
MILR,2,300,1
MILR,3,300,1
MILR,3,300,1
MILR,3,300,1
MILR,3,300,1
MILR,3,300,1
MILR,4,300,1
MILR,3,300,1
MILR,3,300,1
MILR,3,300,1
MILR,2,300,1
MILR,3,300,1
MILR,3,300,1
MILR,3,300,1
MILR,2,300,1
MILR,3,300,1
MILR,3,300,1
MILR,3,300,1
MILR,3,300,1
MILR,3,300,1
MILR,3,300,1
MILR,3,300,1
MILR,3,300,1
MILR,3,300,1
MILR,3,300,1
MILR,3,300,1
MILR,3,300,1
MILR,4,300,1
MILR,3,300,1
MILR,3,300,1
MILR,3,300,1
MILR,3,300,1
MILR,3,300,1
MILR,2,300,1
MILR,2,300,1
MILR,3,300,1
MILR,3,300,1
MILR,3,300,1
MILR,2,300,1
MILR,2,300,1
MILR,3,300,1
MILR,3,300,1
MILR,3,300,1
MILR,2,300,1
MILR,3,300,1
MILR,3,300,1
MILR,3,300,1
MILR,3,300,1
MILR,3,300,1
MILR,3,300,1
MILR,3,300,1
MILR,3,300,1
MILR,2,300,1
MILR,3,300,1
MILR,3,300,1
MILR,2,300,1
MILR,3,300,1
MILR,3,300,1
MILR,2,300,1
MILR,3,300,1
MILR,2,300,1
MILR,3,310,1
MILR,3,310,1
MILR,3,310,1
MILR,3,310,1
MILR,3,310,1
MILR,3,310,1
MILR,3,310,1
MILR,3,310,1
MILR,3,310,1
MILR,3,310,1
MILR,3,310,1
MILR,3,310,1
MILR,3,310,1
MILR,3,310,1
MILR,3,310,1
MILR,2,310,1
MILR,3,310,1
MILR,3,310,1
MILR,3,310,1
MILR,4,310,1
MILR,4,310,1
MILR,3,310,1
MILR,2,310,1
MILR,3,310,1
MILR,3,310,1
MILR,4,310,1
MILR,3,310,1
MILR,4,310,1
MILR,3,310,1
MILR,3,310,1
MILR,4,310,1
MILR,4,310,1
MILR,3,310,1
MILR,3,310,1
MILR,3,310,1
MILR,4,310,1
MILR,3,310,1
MILR,3,310,1
MILR,3,310,1
MILR,4,310,1
MILR,3,310,1
MILR,3,310,1
MILR,3,310,1
MILR,3,310,1
MILR,3,310,1
MILR,3,320,1
MILR,3,320,1
MILR,4,320,1
MILR,4,320,1
MILR,2,320,1
MILR,3,320,1
MILR,3,320,1
MILR,3,320,1
MILR,4,320,1
MILR,4,320,1
MILR,3,320,1
MILR,4,320,1
MILR,3,320,1
MILR,3,320,1
MILR,3,320,1
MILR,3,320,1
MILR,3,320,1
MILR,3,320,1
MILR,3,320,1
MILR,3,320,1
MILR,4,330,1
MILR,4,330,1
MILR,3,330,1
MILR,3,330,1
MILR,4,330,1
MILR,4,330,1
MILR,3,330,1
MILR,4,340,1
MILR,4,340,1
MILR,4,340,1
MILR,3,340,1
MILR,4,380,1
MILR,4,380,1
MILR,4,390,1
MILR,4,390,1
MILR,4,390,1
MILR,4,390,1
MILR,4,390,1
MILR,4,390,1
MILR,4,390,1
MILR,4,400,1
MILR,4,400,1
MILR,4,400,1
MILR,4,400,1
MILR,4,400,1
MILR,4,400,1
MILR,4,400,1
MILR,4,400,1
MILR,4,400,1
MILR,4,400,1
MILR,4,400,1
MILR,4,400,1
MILR,4,410,1
MILR,4,410,1
MILR,4,410,1
MILR,4,410,1
MILR,4,410,1
MILR,4,410,1
MILR,4,420,1
MILR,4,420,1
MILR,4,420,1
MILR,4,420,1
MILR,4,420,1
MILR,4,420,1
MILR,4,420,1
MILR,4,420,1
MILR,4,420,1
MILR,6,420,1
MILR,4,420,1
MILR,4,420,1
MILR,4,420,1
MILR,7,420,1
MILR,8,420,1
MILR,8,430,1
MILR,4,430,1
MILR,4,430,1
MILR,7,430,1
MILR,4,430,1
MILR,8,430,1
MILR,8,430,1
MILR,4,430,1
MILR,4,430,1
MILR,6,440,1
MILR,4,440,1
MILR,7,440,1
MILR,8,440,1
MILR,4,440,1
MILR,8,440,1
MILR,7,440,1
MILR,8,440,1
MILR,8,440,1
MILR,8,440,1
MILR,7,440,1
MILR,4,440,1
MILR,6,450,1
MILR,8,450,1
MILR,8,450,1
MILR,7,450,1
MILR,8,460,1
MILR,7,460,1
MILR,9,460,1
MILR,7,460,1
MILR,8,470,1
MILR,9,470,1
MILR,8,470,1
MILR,7,470,1
MILR,8,470,1
MILR,8,470,1
MILR,7,470,1
MILR,8,470,1
MILR,8,470,1
MILR,7,470,1
MILR,8,470,1
MILR,8,480,1
MILR,8,480,1
MILR,8,480,1
MILR,8,490,1
MILR,8,490,1
MILR,8,530,1
MILR,9,530,1
MILR,8,550,1
MILR,8,550,1
ELDR,1,130,1
ELDR,1,140,1
ELDR,1,140,1
ELDR,2,150,1
ELDR,1,150,1
ELDR,1,150,1
ELDR,1,150,1
ELDR,1,150,1
ELDR,1,150,1
ELDR,1,150,1
ELDR,1,150,1
ELDR,1,150,1
ELDR,1,150,1
ELDR,1,150,1
ELDR,1,150,1
ELDR,1,150,1
ELDR,1,150,1
ELDR,1,160,1
ELDR,1,160,1
ELDR,1,160,1
ELDR,1,160,1
ELDR,1,160,1
ELDR,1,160,1
ELDR,1,160,1
ELDR,1,160,1
ELDR,1,160,1
ELDR,2,160,1
ELDR,1,160,1
ELDR,2,160,1
ELDR,2,160,1
ELDR,2,160,1
ELDR,1,160,1
ELDR,1,160,1
ELDR,1,160,1
ELDR,1,160,1
ELDR,1,160,1
ELDR,1,160,1
ELDR,1,160,1
ELDR,2,160,1
ELDR,1,160,1
ELDR,1,160,1
ELDR,1,160,1
ELDR,1,160,1
ELDR,1,170,1
ELDR,1,170,1
ELDR,1,170,1
ELDR,1,170,1
ELDR,2,170,1
ELDR,2,170,1
ELDR,2,170,1
ELDR,1,170,1
ELDR,2,170,1
ELDR,1,170,1
ELDR,2,170,1
ELDR,2,170,1
ELDR,1,170,1
ELDR,1,170,1
ELDR,2,170,1
ELDR,1,170,1
ELDR,2,170,1
ELDR,1,170,1
ELDR,2,170,1
ELDR,1,180,1
ELDR,1,180,1
ELDR,2,180,1
ELDR,2,180,1
ELDR,1,180,1
ELDR,2,180,1
ELDR,2,180,1
ELDR,2,180,1
ELDR,2,180,1
ELDR,1,180,1
ELDR,2,180,1
ELDR,2,180,1
ELDR,1,180,1
ELDR,1,190,1
ELDR,2,190,1
ELDR,2,190,1
ELDR,3,190,1
ELDR,2,200,1
ELDR,2,210,1
ELDR,2,220,1
ELDR,2,230,1
ELDR,3,230,1
ELDR,3,230,1
ELDR,2,230,1
ELDR,2,230,1
ELDR,3,240,1
ELDR,3,240,1
ELDR,3,240,1
ELDR,3,250,1
ELDR,3,250,1
ELDR,3,250,1
ELDR,3,250,1
ELDR,3,250,1
ELDR,3,250,1
ELDR,3,250,1
ELDR,3,250,1
ELDR,3,250,1
ELDR,4,250,1
ELDR,3,250,1
ELDR,3,250,1
ELDR,3,260,1
ELDR,3,260,1
ELDR,3,260,1
ELDR,3,260,1
ELDR,3,260,1
ELDR,3,260,1
ELDR,3,260,1
ELDR,3,260,1
ELDR,4,260,1
ELDR,2,260,1
ELDR,3,270,1
ELDR,3,270,1
ELDR,3,270,1
ELDR,3,270,1
ELDR,3,270,1
ELDR,3,270,1
ELDR,3,270,1
ELDR,3,270,1
ELDR,3,270,1
ELDR,3,270,1
ELDR,4,270,1
ELDR,4,270,1
ELDR,3,270,1
ELDR,3,270,1
ELDR,4,270,1
ELDR,4,270,1
ELDR,3,280,1
ELDR,4,280,1
ELDR,3,280,1
ELDR,4,280,1
ELDR,4,280,1
ELDR,3,280,1
ELDR,3,280,1
ELDR,4,280,1
ELDR,4,280,1
ELDR,3,280,1
ELDR,3,280,1
ELDR,3,280,1
ELDR,3,280,1
ELDR,3,280,1
ELDR,4,290,1
ELDR,4,290,1
ELDR,3,290,1
ELDR,4,290,1
ELDR,4,290,1
ELDR,3,290,1
ELDR,3,290,1
ELDR,4,290,1
ELDR,3,290,1
ELDR,3,290,1
ELDR,4,290,1
ELDR,4,290,1
ELDR,4,290,1
ELDR,3,290,1
ELDR,3,290,1
ELDR,3,290,1
ELDR,4,290,1
ELDR,4,290,1
ELDR,3,290,1
ELDR,4,290,1
ELDR,3,300,1
ELDR,4,300,1
ELDR,4,300,1
ELDR,4,300,1
ELDR,4,300,1
ELDR,4,300,1
ELDR,4,300,1
ELDR,3,300,1
ELDR,3,300,1
ELDR,4,300,1
ELDR,4,300,1
ELDR,4,310,1
ELDR,3,310,1
ELDR,4,310,1
ELDR,4,310,1
ELDR,3,310,1
ELDR,4,310,1
ELDR,4,310,1
ELDR,4,310,1
ELDR,4,310,1
ELDR,3,310,1
ELDR,4,310,1
ELDR,4,320,1
ELDR,4,320,1
ELDR,4,320,1
ELDR,4,320,1
ELDR,4,320,1
ELDR,4,320,1
ELDR,4,320,1
ELDR,4,320,1
ELDR,4,320,1
ELDR,4,320,1
ELDR,3,320,1
ELDR,4,330,1
ELDR,4,330,1
ELDR,4,330,1
ELDR,4,330,1
ELDR,4,330,1
ELDR,4,330,1
ELDR,4,340,1
ELDR,4,340,1
ELDR,4,340,1
ELDR,4,340,1
ELDR,4,340,1
ELDR,4,350,1
ELDR,4,350,1
ELDR,4,350,1
ELDR,4,360,1
ELDR,4,360,1
ELDR,4,360,1
ELDR,5,370,1
ELDR,4,370,1
ELDR,6,370,1
ELDR,4,370,1
ELDR,7,370,1
ELDR,7,370,1
ELDR,6,370,1
ELDR,4,370,1
ELDR,7,380,1
ELDR,4,380,1
ELDR,7,380,1
ELDR,5,380,1
ELDR,7,380,1
ELDR,6,390,1
ELDR,7,390,1
ELDR,7,390,1
ELDR,8,390,1
ELDR,9,390,1
ELDR,7,390,1
ELDR,7,390,1
ELDR,6,390,1
ELDR,7,390,1
ELDR,8,400,1
ELDR,7,400,1
ELDR,9,400,1
ELDR,8,400,1
ELDR,7,400,1
ELDR,7,400,1
ELDR,6,400,1
ELDR,11,400,1
ELDR,7,400,1
ELDR,7,400,1
ELDR,9,400,1
ELDR,9,400,1
ELDR,7,400,1
ELDR,9,410,1
ELDR,7,410,1
ELDR,7,410,1
ELDR,9,410,1
ELDR,9,410,1
ELDR,7,410,1
ELDR,9,410,1
ELDR,8,410,1
ELDR,7,410,1
ELDR,6,410,1
ELDR,7,410,1
ELDR,10,410,1
ELDR,7,420,1
ELDR,7,420,1
ELDR,6,420,1
ELDR,7,420,1
ELDR,7,420,1
ELDR,9,420,1
ELDR,8,420,1
ELDR,9,420,1
ELDR,7,420,1
ELDR,8,420,1
ELDR,9,420,1
ELDR,7,420,1
ELDR,9,420,1
ELDR,7,430,1
ELDR,9,430,1
ELDR,10,430,1
ELDR,9,430,1
ELDR,9,430,1
ELDR,7,430,1
ELDR,9,430,1
ELDR,8,430,1
ELDR,10,430,1
ELDR,7,430,1
ELDR,9,430,1
ELDR,10,430,1
ELDR,9,430,1
ELDR,9,430,1
ELDR,8,430,1
ELDR,10,440,1
ELDR,7,440,1
ELDR,9,440,1
ELDR,10,440,1
ELDR,7,440,1
ELDR,8,440,1
ELDR,8,440,1
ELDR,9,440,1
ELDR,9,440,1
ELDR,9,440,1
ELDR,9,440,1
ELDR,9,450,1
ELDR,7,450,1
ELDR,11,450,1
ELDR,8,450,1
ELDR,8,450,1
ELDR,9,450,1
ELDR,7,450,1
ELDR,9,450,1
ELDR,8,450,1
ELDR,8,450,1
ELDR,8,450,1
ELDR,10,450,1
ELDR,9,450,1
ELDR,10,450,1
ELDR,9,450,1
ELDR,9,450,1
ELDR,9,450,1
ELDR,7,450,1
ELDR,9,450,1
ELDR,8,460,1
ELDR,8,460,1
ELDR,7,460,1
ELDR,8,460,1
ELDR,9,460,1
ELDR,9,460,1
ELDR,9,460,1
ELDR,9,460,1
ELDR,8,460,1
ELDR,9,460,1
ELDR,9,460,1
ELDR,9,460,1
ELDR,9,460,1
ELDR,10,460,1
ELDR,9,460,1
ELDR,10,460,1
ELDR,9,460,1
ELDR,9,460,1
ELDR,10,460,1
ELDR,9,460,1
ELDR,9,460,1
ELDR,7,460,1
ELDR,10,460,1
ELDR,7,470,1
ELDR,9,470,1
ELDR,8,470,1
ELDR,8,470,1
ELDR,8,470,1
ELDR,10,470,1
ELDR,10,470,1
ELDR,8,470,1
ELDR,9,470,1
ELDR,8,470,1
ELDR,8,470,1
ELDR,9,470,1
ELDR,9,470,1
ELDR,9,470,1
ELDR,10,470,1
ELDR,9,470,1
ELDR,9,470,1
ELDR,7,470,1
ELDR,8,470,1
ELDR,9,470,1
ELDR,9,470,1
ELDR,10,470,1
ELDR,9,470,1
ELDR,9,470,1
ELDR,9,470,1
ELDR,9,470,1
ELDR,9,470,1
ELDR,9,470,1
ELDR,9,470,1
ELDR,7,470,1
ELDR,10,470,1
ELDR,11,480,1
ELDR,10,480,1
ELDR,10,480,1
ELDR,8,480,1
ELDR,11,480,1
ELDR,7,480,1
ELDR,9,480,1
ELDR,8,480,1
ELDR,8,480,1
ELDR,7,480,1
ELDR,10,480,1
ELDR,10,480,1
ELDR,10,480,1
ELDR,9,480,1
ELDR,9,480,1
ELDR,9,480,1
ELDR,8,480,1
ELDR,9,480,1
ELDR,9,480,1
ELDR,10,480,1
ELDR,9,480,1
ELDR,9,480,1
ELDR,8,490,1
ELDR,7,490,1
ELDR,9,490,1
ELDR,11,490,1
ELDR,9,490,1
ELDR,9,490,1
ELDR,9,490,1
ELDR,9,490,1
ELDR,8,490,1
ELDR,10,490,1
ELDR,11,490,1
ELDR,9,490,1
ELDR,8,490,1
ELDR,9,490,1
ELDR,9,490,1
ELDR,9,490,1
ELDR,10,490,1
ELDR,9,490,1
ELDR,9,490,1
ELDR,9,490,1
ELDR,8,490,1
ELDR,9,490,1
ELDR,8,490,1
ELDR,8,490,1
ELDR,8,490,1
ELDR,9,490,1
ELDR,9,500,1
ELDR,10,500,1
ELDR,10,500,1
ELDR,12,500,1
ELDR,7,500,1
ELDR,8,500,1
ELDR,9,500,1
ELDR,11,500,1
ELDR,10,500,1
ELDR,9,500,1
ELDR,10,500,1
ELDR,9,500,1
ELDR,10,500,1
ELDR,8,500,1
ELDR,11,500,1
ELDR,8,500,1
ELDR,9,500,1
ELDR,9,500,1
ELDR,9,500,1
ELDR,9,500,1
ELDR,11,500,1
ELDR,9,500,1
ELDR,10,500,1
ELDR,9,500,1
ELDR,8,500,1
ELDR,9,500,1
ELDR,9,500,1
ELDR,9,500,1
ELDR,10,500,1
ELDR,9,500,1
ELDR,9,500,1
ELDR,10,500,1
ELDR,10,500,1
ELDR,10,500,1
ELDR,10,500,1
ELDR,9,500,1
ELDR,10,500,1
ELDR,10,500,1
ELDR,8,500,1
ELDR,9,500,1
ELDR,10,510,1
ELDR,8,510,1
ELDR,9,510,1
ELDR,9,510,1
ELDR,10,510,1
ELDR,10,510,1
ELDR,10,510,1
ELDR,10,510,1
ELDR,9,510,1
ELDR,9,510,1
ELDR,9,510,1
ELDR,10,510,1
ELDR,9,510,1
ELDR,11,510,1
ELDR,10,510,1
ELDR,8,510,1
ELDR,9,510,1
ELDR,8,510,1
ELDR,9,510,1
ELDR,9,510,1
ELDR,8,510,1
ELDR,8,510,1
ELDR,9,510,1
ELDR,10,510,1
ELDR,9,510,1
ELDR,10,510,1
ELDR,9,510,1
ELDR,10,510,1
ELDR,11,510,1
ELDR,9,510,1
ELDR,9,510,1
ELDR,10,510,1
ELDR,10,510,1
ELDR,9,510,1
ELDR,11,510,1
ELDR,9,510,1
ELDR,9,510,1
ELDR,12,520,1
ELDR,9,520,1
ELDR,7,520,1
ELDR,9,520,1
ELDR,9,520,1
ELDR,9,520,1
ELDR,10,520,1
ELDR,9,520,1
ELDR,10,520,1
ELDR,9,520,1
ELDR,9,520,1
ELDR,8,520,1
ELDR,8,520,1
ELDR,11,520,1
ELDR,10,520,1
ELDR,10,520,1
ELDR,11,520,1
ELDR,10,520,1
ELDR,10,520,1
ELDR,9,520,1
ELDR,9,520,1
ELDR,8,520,1
ELDR,9,520,1
ELDR,9,520,1
ELDR,10,520,1
ELDR,10,520,1
ELDR,8,520,1
ELDR,9,520,1
ELDR,9,520,1
ELDR,9,520,1
ELDR,9,520,1
ELDR,9,520,1
ELDR,9,520,1
ELDR,9,520,1
ELDR,10,520,1
ELDR,9,520,1
ELDR,10,520,1
ELDR,11,520,1
ELDR,10,520,1
ELDR,9,530,1
ELDR,10,530,1
ELDR,9,530,1
ELDR,9,530,1
ELDR,9,530,1
ELDR,8,530,1
ELDR,10,530,1
ELDR,9,530,1
ELDR,8,530,1
ELDR,9,530,1
ELDR,10,530,1
ELDR,9,530,1
ELDR,11,530,1
ELDR,9,530,1
ELDR,9,530,1
ELDR,9,530,1
ELDR,12,530,1
ELDR,8,530,1
ELDR,9,530,1
ELDR,10,530,1
ELDR,10,530,1
ELDR,10,530,1
ELDR,9,530,1
ELDR,9,530,1
ELDR,8,530,1
ELDR,10,530,1
ELDR,9,530,1
ELDR,10,530,1
ELDR,8,530,1
ELDR,10,530,1
ELDR,10,530,1
ELDR,10,530,1
ELDR,9,530,1
ELDR,9,530,1
ELDR,9,540,1
ELDR,9,540,1
ELDR,9,540,1
ELDR,11,540,1
ELDR,9,540,1
ELDR,8,540,1
ELDR,10,540,1
ELDR,9,540,1
ELDR,11,540,1
ELDR,9,540,1
ELDR,9,540,1
ELDR,9,540,1
ELDR,9,540,1
ELDR,10,540,1
ELDR,8,540,1
ELDR,10,540,1
ELDR,10,540,1
ELDR,9,540,1
ELDR,10,540,1
ELDR,9,540,1
ELDR,12,540,1
ELDR,9,540,1
ELDR,9,540,1
ELDR,8,540,1
ELDR,10,540,1
ELDR,9,540,1
ELDR,11,540,1
ELDR,9,540,1
ELDR,10,540,1
ELDR,9,540,1
ELDR,10,540,1
ELDR,9,540,1
ELDR,9,540,1
ELDR,8,540,1
ELDR,9,550,1
ELDR,10,550,1
ELDR,8,550,1
ELDR,11,550,1
ELDR,10,550,1
ELDR,8,550,1
ELDR,10,550,1
ELDR,9,550,1
ELDR,8,550,1
ELDR,9,550,1
ELDR,9,550,1
ELDR,9,550,1
ELDR,9,550,1
ELDR,10,550,1
ELDR,9,550,1
ELDR,12,550,1
ELDR,9,550,1
ELDR,9,550,1
ELDR,10,550,1
ELDR,11,550,1
ELDR,10,550,1
ELDR,8,560,1
ELDR,9,560,1
ELDR,9,560,1
ELDR,9,560,1
ELDR,10,560,1
ELDR,10,560,1
ELDR,11,560,1
ELDR,9,560,1
ELDR,11,560,1
ELDR,9,560,1
ELDR,8,560,1
ELDR,9,560,1
ELDR,9,560,1
ELDR,9,560,1
ELDR,9,560,1
ELDR,9,560,1
ELDR,10,560,1
ELDR,9,560,1
ELDR,10,560,1
ELDR,10,560,1
ELDR,11,560,1
ELDR,12,570,1
ELDR,10,570,1
ELDR,9,570,1
ELDR,9,570,1
ELDR,8,570,1
ELDR,11,570,1
ELDR,9,570,1
ELDR,8,570,1
ELDR,9,570,1
ELDR,10,570,1
ELDR,10,570,1
ELDR,9,570,1
ELDR,10,570,1
ELDR,9,570,1
ELDR,9,570,1
ELDR,9,570,1
ELDR,9,570,1
ELDR,9,570,1
ELDR,8,580,1
ELDR,9,580,1
ELDR,9,580,1
ELDR,12,580,1
ELDR,10,580,1
ELDR,10,580,1
ELDR,9,580,1
ELDR,11,580,1
ELDR,10,580,1
ELDR,11,580,1
ELDR,9,580,1
ELDR,9,580,1
ELDR,9,580,1
ELDR,9,580,1
ELDR,10,580,1
ELDR,10,590,1
ELDR,9,590,1
ELDR,9,590,1
ELDR,8,590,1
ELDR,9,590,1
ELDR,12,590,1
ELDR,9,600,1
ELDR,10,600,1
ELDR,9,610,1
ELDR,9,610,1
ELDR,11,610,1
ELDR,11,610,1
ELDR,9,610,1
ELDR,10,620,1
ELDR,11,620,1
ELDR,9,620,1
ELDR,9,630,1
ELDR,9,630,1
ELDR,10,630,1
ELDR,11,630,1
ELDR,10,630,1
ELDR,10,640,1
ELDR,10,640,1
ELDR,11,640,1
ELDR,9,640,1
ELDR,9,650,1
ELDR,9,660,1
ELDR,11,660,1
ELDR,9,670,1
ELDR,11,690,1
ELDR,10,690,1
ELDR,12,710,1
ELDR,11,720,1
ELDR,9,850,0
ELDR,11,860,0
ELDR,13,880,0
ELDR,11,880,0
ELDR,1,150,1
ELDR,1,150,1
ELDR,1,150,1
ELDR,1,150,1
ELDR,1,150,1
ELDR,1,150,1
ELDR,1,150,1
ELDR,1,150,1
ELDR,1,150,1
ELDR,1,150,1
ELDR,1,150,1
ELDR,1,150,1
ELDR,2,150,1
ELDR,1,150,1
ELDR,1,150,1
ELDR,1,150,1
ELDR,1,160,1
ELDR,1,160,1
ELDR,1,160,1
ELDR,1,160,1
ELDR,1,160,1
ELDR,1,160,1
ELDR,1,160,1
ELDR,1,160,1
ELDR,1,160,1
ELDR,2,160,1
ELDR,1,160,1
ELDR,1,160,1
ELDR,2,160,1
ELDR,1,160,1
ELDR,1,160,1
ELDR,1,160,1
ELDR,1,160,1
ELDR,1,160,1
ELDR,1,160,1
ELDR,1,160,1
ELDR,1,160,1
ELDR,2,160,1
ELDR,1,160,1
ELDR,1,160,1
ELDR,1,160,1
ELDR,2,160,1
ELDR,1,160,1
ELDR,1,160,1
ELDR,1,160,1
ELDR,1,170,1
ELDR,1,170,1
ELDR,1,170,1
ELDR,1,170,1
ELDR,1,170,1
ELDR,1,170,1
ELDR,1,170,1
ELDR,1,170,1
ELDR,2,170,1
ELDR,1,170,1
ELDR,1,170,1
ELDR,1,170,1
ELDR,1,170,1
ELDR,1,170,1
ELDR,1,170,1
ELDR,1,170,1
ELDR,1,170,1
ELDR,1,170,1
ELDR,2,170,1
ELDR,1,170,1
ELDR,2,170,1
ELDR,2,170,1
ELDR,2,170,1
ELDR,1,170,1
ELDR,1,170,1
ELDR,1,170,1
ELDR,1,170,1
ELDR,1,170,1
ELDR,1,170,1
ELDR,1,170,1
ELDR,1,170,1
ELDR,2,170,1
ELDR,2,170,1
ELDR,2,170,1
ELDR,2,170,1
ELDR,1,170,1
ELDR,1,180,1
ELDR,1,180,1
ELDR,1,180,1
ELDR,1,180,1
ELDR,2,250,1
ELDR,3,250,1
ELDR,3,260,1
ELDR,3,260,1
ELDR,3,260,1
ELDR,3,260,1
ELDR,4,260,1
ELDR,3,260,1
ELDR,3,260,1
ELDR,3,260,1
ELDR,4,270,1
ELDR,3,270,1
ELDR,3,270,1
ELDR,3,270,1
ELDR,4,280,1
ELDR,3,280,1
ELDR,4,280,1
ELDR,4,280,1
ELDR,3,280,1
ELDR,3,280,1
ELDR,4,300,1
ELDR,3,300,1
ELDR,4,300,1
ELDR,4,300,1
ELDR,4,310,1
ELDR,4,310,1
ELDR,7,370,1
ELDR,5,370,1
ELDR,4,370,1
ELDR,4,370,1
ELDR,5,380,1
ELDR,6,380,1
ELDR,7,390,1
ELDR,4,390,1
ELDR,6,390,1
ELDR,10,400,1
ELDR,7,400,1
ELDR,9,400,1
ELDR,7,400,1
ELDR,6,400,1
ELDR,7,400,1
ELDR,7,410,1
ELDR,7,410,1
ELDR,7,410,1
ELDR,7,410,1
ELDR,8,410,1
ELDR,8,410,1
ELDR,9,420,1
ELDR,10,420,1
ELDR,7,420,1
ELDR,10,420,1
ELDR,9,420,1
ELDR,7,420,1
ELDR,9,420,1
ELDR,8,420,1
ELDR,8,420,1
ELDR,7,420,1
ELDR,7,420,1
ELDR,7,430,1
ELDR,9,430,1
ELDR,7,430,1
ELDR,7,430,1
ELDR,8,430,1
ELDR,7,430,1
ELDR,10,430,1
ELDR,7,430,1
ELDR,9,430,1
ELDR,8,430,1
ELDR,9,430,1
ELDR,9,430,1
ELDR,8,430,1
ELDR,9,440,1
ELDR,9,440,1
ELDR,9,440,1
ELDR,8,440,1
ELDR,8,440,1
ELDR,7,440,1
ELDR,9,440,1
ELDR,7,440,1
ELDR,10,440,1
ELDR,9,440,1
ELDR,9,440,1
ELDR,8,440,1
ELDR,9,440,1
ELDR,7,440,1
ELDR,8,440,1
ELDR,7,440,1
ELDR,9,450,1
ELDR,9,450,1
ELDR,7,450,1
ELDR,7,450,1
ELDR,10,450,1
ELDR,9,450,1
ELDR,9,450,1
ELDR,9,450,1
ELDR,8,450,1
ELDR,9,450,1
ELDR,10,450,1
ELDR,10,450,1
ELDR,9,450,1
ELDR,9,450,1
ELDR,8,450,1
ELDR,7,450,1
ELDR,7,450,1
ELDR,9,450,1
ELDR,8,450,1
ELDR,10,450,1
ELDR,9,450,1
ELDR,9,460,1
ELDR,8,460,1
ELDR,9,460,1
ELDR,8,460,1
ELDR,7,460,1
ELDR,8,460,1
ELDR,9,460,1
ELDR,9,460,1
ELDR,8,460,1
ELDR,11,460,1
ELDR,9,460,1
ELDR,10,460,1
ELDR,9,460,1
ELDR,10,460,1
ELDR,9,460,1
ELDR,7,460,1
ELDR,9,460,1
ELDR,9,460,1
ELDR,10,460,1
ELDR,10,460,1
ELDR,7,460,1
ELDR,8,460,1
ELDR,9,460,1
ELDR,7,460,1
ELDR,8,460,1
ELDR,8,460,1
ELDR,9,460,1
ELDR,7,470,1
ELDR,8,470,1
ELDR,9,470,1
ELDR,10,470,1
ELDR,9,470,1
ELDR,9,470,1
ELDR,9,470,1
ELDR,8,470,1
ELDR,10,470,1
ELDR,9,470,1
ELDR,9,470,1
ELDR,9,470,1
ELDR,10,470,1
ELDR,8,470,1
ELDR,9,470,1
ELDR,9,470,1
ELDR,11,470,1
ELDR,11,470,1
ELDR,8,470,1
ELDR,9,470,1
ELDR,10,470,1
ELDR,10,470,1
ELDR,10,470,1
ELDR,9,480,1
ELDR,10,480,1
ELDR,9,480,1
ELDR,8,480,1
ELDR,7,480,1
ELDR,10,480,1
ELDR,8,480,1
ELDR,9,480,1
ELDR,9,480,1
ELDR,9,480,1
ELDR,8,480,1
ELDR,10,480,1
ELDR,9,480,1
ELDR,9,480,1
ELDR,10,480,1
ELDR,9,480,1
ELDR,9,480,1
ELDR,8,480,1
ELDR,9,480,1
ELDR,9,480,1
ELDR,9,480,1
ELDR,8,480,1
ELDR,9,480,1
ELDR,8,490,1
ELDR,10,490,1
ELDR,9,490,1
ELDR,10,490,1
ELDR,10,490,1
ELDR,9,490,1
ELDR,9,490,1
ELDR,8,490,1
ELDR,7,490,1
ELDR,10,490,1
ELDR,9,490,1
ELDR,10,490,1
ELDR,9,490,1
ELDR,9,490,1
ELDR,9,490,1
ELDR,10,490,1
ELDR,9,490,1
ELDR,10,490,1
ELDR,10,490,1
ELDR,9,490,1
ELDR,10,490,1
ELDR,9,490,1
ELDR,7,490,1
ELDR,9,490,1
ELDR,8,500,1
ELDR,9,500,1
ELDR,9,500,1
ELDR,8,500,1
ELDR,9,500,1
ELDR,9,500,1
ELDR,9,500,1
ELDR,9,500,1
ELDR,10,500,1
ELDR,8,500,1
ELDR,10,500,1
ELDR,9,500,1
ELDR,10,500,1
ELDR,9,500,1
ELDR,9,500,1
ELDR,8,500,1
ELDR,10,500,1
ELDR,8,500,1
ELDR,8,500,1
ELDR,9,500,1
ELDR,9,500,1
ELDR,10,510,1
ELDR,11,510,1
ELDR,8,510,1
ELDR,9,510,1
ELDR,9,510,1
ELDR,9,510,1
ELDR,9,510,1
ELDR,7,510,1
ELDR,10,510,1
ELDR,9,510,1
ELDR,10,510,1
ELDR,8,510,1
ELDR,9,510,1
ELDR,8,510,1
ELDR,9,510,1
ELDR,8,510,1
ELDR,9,510,1
ELDR,8,510,1
ELDR,9,510,1
ELDR,9,510,1
ELDR,12,510,1
ELDR,9,510,1
ELDR,9,510,1
ELDR,9,510,1
ELDR,9,520,1
ELDR,8,520,1
ELDR,8,520,1
ELDR,10,520,1
ELDR,10,520,1
ELDR,9,520,1
ELDR,9,520,1
ELDR,9,520,1
ELDR,9,520,1
ELDR,8,520,1
ELDR,9,520,1
ELDR,11,520,1
ELDR,10,520,1
ELDR,8,520,1
ELDR,9,520,1
ELDR,9,520,1
ELDR,9,530,1
ELDR,9,530,1
ELDR,9,530,1
ELDR,10,530,1
ELDR,10,530,1
ELDR,10,530,1
ELDR,11,530,1
ELDR,8,530,1
ELDR,11,530,1
ELDR,9,530,1
ELDR,9,530,1
ELDR,8,540,1
ELDR,10,540,1
ELDR,10,540,1
ELDR,9,540,1
ELDR,9,540,1
ELDR,8,540,1
ELDR,11,540,1
ELDR,9,540,1
ELDR,8,540,1
ELDR,10,540,1
ELDR,9,540,1
ELDR,8,540,1
ELDR,9,540,1
ELDR,9,540,1
ELDR,10,540,1
ELDR,10,540,1
ELDR,10,550,1
ELDR,9,550,1
ELDR,9,550,1
ELDR,10,550,1
ELDR,8,550,1
ELDR,11,550,1
ELDR,10,550,1
ELDR,10,550,1
ELDR,9,550,1
ELDR,10,550,1
ELDR,9,550,1
ELDR,9,550,1
ELDR,9,560,1
ELDR,9,560,1
ELDR,10,560,1
ELDR,9,560,1
ELDR,8,560,1
ELDR,12,560,1
ELDR,11,560,1
ELDR,10,560,1
ELDR,9,560,1
ELDR,10,560,1
ELDR,10,560,1
ELDR,9,560,1
ELDR,10,560,1
ELDR,8,560,1
ELDR,11,570,1
ELDR,9,570,1
ELDR,9,570,1
ELDR,8,570,1
ELDR,9,570,1
ELDR,10,570,1
ELDR,11,570,1
ELDR,10,570,1
ELDR,9,570,1
ELDR,10,570,1
ELDR,10,570,1
ELDR,9,580,1
ELDR,10,580,1
ELDR,10,580,1
ELDR,9,580,1
ELDR,10,580,1
ELDR,11,600,1
ELDR,10,600,1
ELDR,10,610,1
ELDR,9,610,1
ELDR,10,610,1
ELDR,9,610,1
TCRR,3,440,1
TCRR,4,430,1
TCRR,4,530,1
TCRR,2,290,1
TCRR,4,500,1
TCRR,3,470,1
TCRR,5,640,1
TCRR,2,320,1
TCRR,4,450,1
TCRR,5,670,1
TCRR,3,480,1
TCRR,4,580,1
TCRR,4,540,1
TCRR,4,490,1
TCRR,3,480,1
TCRR,4,530,1
TCRR,4,510,1
TCRR,4,520,1
TCRR,4,490,1
TCRR,4,460,1
TCRR,3,490,1
TCRR,2,300,1
TCRR,5,710,1
TCRR,4,610,1
TCRR,4,580,1
TCRR,5,650,1
TCRR,4,500,1
TCRR,4,510,1
TCRR,4,590,1
TCRR,3,500,1
TCRR,3,500,1
TCRR,4,480,1
TCRR,5,700,1
TCRR,3,510,1
TCRR,4,520,1
TCRR,5,700,1
TCRR,5,630,1
TCRR,3,480,1
TCRR,3,490,1
TCRR,3,490,1
TCRR,5,660,1
TCRR,8,810,1
TCRR,5,760,1
TCRR,5,640,1
TCRR,5,630,1
TCRR,3,470,1
TCRR,2,310,1
TCRR,5,640,1
TCRR,2,290,1
TCRR,5,630,1
TCRR,5,590,1
TCRR,5,650,1
TCRR,4,520,1
TCRR,2,320,1
TCRR,4,450,1
TCRR,5,580,1
TCRR,4,480,1
TCRR,5,720,1
TCRR,5,600,1
TCRR,5,660,1
TCRR,5,620,1
TCRR,5,590,1
TCRR,2,290,1
TCRR,4,570,1
TCRR,5,600,1
TCRR,3,400,1
TCRR,5,570,1
TCRR,5,640,1
TCRR,3,360,1
TCRR,2,280,1
TCRR,4,510,1
TCRR,5,610,1
TCRR,4,630,1
TCRR,2,270,1
TCRR,5,640,1
TCRR,3,540,1
TCRR,4,440,1
TCRR,2,300,1
TCRR,5,630,1
TCRR,4,490,1
TCRR,4,590,1
TCRR,5,600,1
TCRR,2,300,1
TCRR,3,420,1
TCRR,4,500,1
TCRR,3,490,1
TCRR,2,310,1
TCRR,4,530,1
TCRR,3,510,1
TCRR,3,470,1
TCRR,3,480,1
TCRR,3,480,1
TCRR,4,510,1
TCRR,6,690,1
TCRR,2,270,1
TCRR,5,580,1
TCRR,4,520,1
TCRR,4,500,1
TCRR,2,270,1
TCRR,2,290,1
TCRR,3,420,1
TCRR,4,480,1
TCRR,2,310,1
TCRR,4,600,1
TCRR,4,580,1
TCRR,2,270,1
TCRR,4,560,1
TCRR,2,280,1
TCRR,5,730,1
TCRR,5,630,1
TCRR,8,820,1
TCRR,5,620,1
TCRR,5,640,1
TCRR,4,620,1
TCRR,2,320,1
TCRR,4,380,1
TCRR,2,310,1
TCRR,9,770,1
TCRR,5,690,1
TCRR,3,410,1
TCRR,5,650,1
TCRR,6,730,1
TCRR,5,700,1
TCRR,5,680,1
TCRR,4,570,1
TCRR,4,490,1
TCRR,4,530,1
TCRR,6,760,1
TCRR,8,830,1
TCRR,6,790,1
TCRR,4,560,1
TCRR,2,270,1
TCRR,6,670,1
TCRR,4,590,1
TCRR,5,630,1
TCRR,5,740,1
TCRR,5,620,1
TCRR,6,720,1
TCRR,5,660,1
TCRR,4,510,1
TCRR,3,450,1
TCRR,4,480,1
TCRR,3,440,1
TCRR,2,360,1
TCRR,4,500,1
TCRR,4,590,1
TCRR,5,660,1
TCRR,5,680,1
TCRR,3,440,1
TCRR,2,290,1
TCRR,3,420,1
TCRR,5,670,1
TCRR,3,430,1
TCRR,2,360,1
TCRR,5,650,1
TCRR,4,640,1
TCRR,6,740,1
TCRR,5,690,1
TCRR,10,880,1
TCRR,4,490,1
TCRR,10,920,1
TCRR,10,950,1
TCRR,4,500,1
TCRR,2,300,1
TCRR,2,320,1
TCRR,2,250,1
TCRR,2,280,1
TCRR,2,280,1
TCRR,2,310,1
TCRR,2,270,1
TCRR,2,300,1
TCRR,2,300,1
TCRR,2,290,1
TCRR,2,260,1
TCRR,2,310,1
TCRR,2,300,1
TCRR,3,440,1
TCRR,2,290,1
TCRR,2,310,1
TCRR,2,300,1
TCRR,2,290,1
TCRR,2,280,1
TCRR,5,610,1
TCRR,3,410,1
TCRR,4,510,1
TCRR,2,290,1
TCRR,3,430,1
TCRR,2,260,1
TCRR,4,510,1
TCRR,5,630,1
TCRR,5,610,1
TCRR,5,640,1
TCRR,5,570,1
TCRR,4,600,1
TCRR,10,880,1
TCRR,2,310,1
TCRR,2,290,1
TCRR,2,290,1
TCRR,2,300,1
TCRR,9,780,1
TCRR,5,710,1
TCRR,5,710,1
TCRR,4,570,1
TCRR,5,630,1
TCRR,3,460,1
TCRR,4,480,1
TCRR,2,290,1
TCRR,2,290,1
TCRR,2,300,1
TCRR,2,280,1
TCRR,2,280,1
TCRR,2,320,1
TCRR,2,290,1
TCRR,4,610,1
TCRR,4,510,1
TCRR,2,300,1
TCRR,5,620,1
TCRR,3,470,1
TCRR,5,570,1
TCRR,2,350,1
TCRR,2,300,1
TCRR,2,310,1
TCRR,2,300,1
TCRR,2,290,1
TCRR,2,310,1
TCRR,2,290,1
TCRR,2,270,1
TCRR,4,510,1
TCRR,2,270,1
TCRR,5,710,1
TCRR,5,690,1
TCRR,4,640,1
TCRR,4,570,1
TCRR,3,500,1
TCRR,5,620,1
TCRR,4,660,1
TCRR,3,530,1
TCRR,5,620,1
TCRR,5,640,1
TCRR,4,580,1
TCRR,6,660,1
TCRR,4,470,1
TCRR,6,760,1
TCRR,5,610,1
TCRR,5,640,1
TCRR,5,580,1
TCRR,4,580,1
TCRR,6,790,1
TCRR,5,580,1
TCRR,4,550,1
TCRR,6,820,1
TCRR,2,350,1
TCRR,4,620,1
TCRR,3,400,1
TCRR,7,830,1
TCRR,5,650,1
TCRR,9,770,1
TCRR,3,510,1
TCRR,4,610,1
TCRR,4,610,1
TCRR,5,690,1
TCRR,6,680,1
TCRR,5,580,1
TCRR,10,860,1
TCRR,5,660,1
TCRR,4,620,1
TCRR,6,770,1
TCRR,5,590,1
TCRR,4,410,1
TCRR,4,410,1
TCRR,9,820,1
TCRR,5,670,1
TCRR,5,740,1
TCRR,5,590,1
TCRR,5,670,1
TCRR,8,790,1
TCRR,5,690,1
TCRR,7,730,1
TCRR,5,660,1
TCRR,5,710,1
TCRR,4,620,1
TCRR,5,700,1
TCRR,4,470,1
TCRR,4,490,1
TCRR,4,570,1
TCRR,6,680,1
TCRR,2,350,1
TCRR,5,670,1
TCRR,5,600,1
TCRR,5,660,1
TCRR,8,780,1
TCRR,5,720,1
TCRR,5,690,1
TCRR,5,680,1
TCRR,6,710,1
TCRR,3,480,1
TCRR,4,510,1
TCRR,2,280,1
TCRR,2,270,1
TCRR,2,280,1
TCRR,2,270,1
TCRR,2,310,1
TCRR,2,280,1
TCRR,2,280,1
TCRR,2,250,1
TCRR,2,290,1
TCRR,2,270,1
TCRR,2,250,1
TCRR,2,280,1
TCRR,3,440,1
TCRR,5,670,1
TCRR,5,610,1
TCRR,4,550,1
TCRR,2,280,1
TCRR,4,490,1
TCRR,2,320,1
TCRR,4,420,1
TCRR,5,660,1
TCRR,3,460,1
TCRR,2,300,1
TCRR,2,300,1
TCRR,5,600,1
TCRR,2,190,1
TCRR,2,280,1
TCRR,4,580,1
TCRR,3,410,1
TCRR,2,290,1
TCRR,4,480,1
TCRR,9,810,1
TCRR,2,280,1
TCRR,4,490,1
TCRR,3,490,1
TCRR,3,410,1
TCRR,2,410,1
TCRR,5,670,1
TCRR,6,770,1
TCRR,5,680,1
TCRR,6,730,1
TCRR,6,700,1
TCRR,3,410,1
TCRR,2,290,1
TCRR,3,460,1
TCRR,3,350,1
TCRR,3,360,1
TCRR,3,330,1
TCRR,2,270,1
TCRR,2,290,1
TCRR,2,290,1
TCRR,3,340,1
TCRR,2,300,1
TCRR,2,280,1
TCRR,2,270,1
TCRR,2,310,1
TCRR,2,270,1
TCRR,2,260,1
TCRR,2,270,1
TCRR,2,270,1
TCRR,2,280,1
TCRR,2,270,1
TCRR,2,280,1
TCRR,2,270,1
TCRR,2,250,1
TCRR,2,250,1
TCRR,2,290,1
TCRR,2,300,1
TCRR,2,240,1
TCRR,2,290,1
TCRR,2,270,1
TCRR,2,270,1
TCRR,3,310,1
TCRR,2,270,1
TCRR,2,260,1
TCRR,2,260,1
TCRR,2,230,1
TCRR,2,280,1
TCRR,2,290,1
TCRR,2,270,1
TCRR,2,300,1
TCRR,2,280,1
TCRR,3,280,1
TCRR,2,270,1
TCRR,2,270,1
TCRR,2,260,1
TCRR,4,600,1
TCRR,4,590,1
TCRR,2,340,1
TCRR,2,280,1
TCRR,2,330,1
TCRR,2,270,1
TCRR,2,290,1
TCRR,2,280,1
TCRR,2,270,1
TCRR,2,330,1
TCRR,2,290,1
TCRR,2,300,1
TCRR,2,310,1
TCRR,2,290,1
TCRR,2,280,1
TCRR,2,280,1
TCRR,2,260,1
TCRR,2,280,1
TCRR,2,310,1
TCRR,2,260,1
TCRR,2,250,1
TCRR,2,310,1
TCRR,2,280,1
TCRR,2,290,1
TCRR,2,290,1
TCRR,1,180,1
TCRR,2,250,1
TCRR,2,270,1
TCRR,2,320,1
TCRR,2,280,1
TCRR,2,270,1
TCRR,2,240,1
TCRR,2,250,1
TCRR,2,290,1
TCRR,2,290,1
TCRR,2,280,1
TCRR,2,280,1
TCRR,2,240,1
TCRR,2,260,1
TCRR,2,280,1
TCRR,2,280,1
TCRR,1,130,1
TCRR,2,250,1
TCRR,2,260,1
TCRR,2,300,1
TCRR,3,500,1
TCRR,2,230,1
TCRR,5,690,1
TCRR,3,420,1
TCRR,2,270,1
TCRR,2,280,1
TCRR,2,260,1
TCRR,2,270,1
TCRR,2,280,1
TCRR,2,270,1
TCRR,2,260,1
TCRR,2,240,1
TCRR,2,300,1
TCRR,2,290,1
TCRR,1,170,1
TCRR,3,410,1
TCRR,2,280,1
TCRR,2,290,1
TCRR,3,510,1
TCRR,2,250,1
TCRR,3,520,1
TCRR,2,290,1
TCRR,2,270,1
TCRR,2,260,1
TCRR,2,270,1
TCRR,2,270,1
TCRR,2,290,1
TCRR,2,260,1
TCRR,2,240,1
TCRR,2,260,1
TCRR,2,270,1
TCRR,2,280,1
TCRR,2,280,1
TCRR,2,250,1
TCRR,2,260,1
TCRR,2,320,1
TCRR,2,300,1
TCRR,2,300,1
TCRR,3,300,1
TCRR,2,270,1
TCRR,2,260,1
TCRR,2,260,1
TCRR,2,270,1
TCRR,2,270,1
TCRR,2,270,1
TCRR,2,250,1
TCRR,2,270,1
TCRR,2,250,1
TCRR,2,260,1
TCRR,2,270,1
TCRR,2,270,1
TCRR,2,200,1
TCRR,2,270,1
TCRR,2,250,1
TCRR,2,300,1
TCRR,2,280,1
TCRR,2,290,1
TCRR,2,280,1
TCRR,2,250,1
TCRR,2,290,1
TCRR,2,280,1
TCRR,2,260,1
TCRR,2,260,1
TCRR,2,280,1
TCRR,2,300,1
TCRR,2,280,1
TCRR,2,200,1
TCRR,2,290,1
TCRR,2,270,1
TCRR,2,260,1
TCRR,2,270,1
TCRR,2,230,1
TCRR,2,260,1
TCRR,2,270,1
TCRR,2,260,1
TCRR,2,240,1
TCRR,2,290,1
TCRR,2,260,1
TCRR,2,210,1
TCRR,2,260,1
TCRR,8,900,1
TCRR,5,730,1
TCRR,4,580,1
TCRR,5,680,1
TCRR,2,260,1
TCRR,5,680,1
TCRR,5,700,1
TCRR,2,280,1
TCRR,2,300,1
TCRR,2,260,1
TCRR,2,290,1
TCRR,2,250,1
TCRR,2,250,1
TCRR,2,230,1
TCRR,2,260,1
TCRR,2,260,1
TCRR,2,300,1
TCRR,2,280,1
TCRR,2,290,1
TCRR,1,190,1
TCRR,1,200,1
TCRR,2,270,1
TCRR,2,250,1
TCRR,2,270,1
TCRR,2,240,1
TCRR,2,290,1
TCRR,5,740,1
TCRR,8,760,1
TCRR,5,710,1
TCRR,6,720,1
TCRR,5,660,1
TCRR,4,530,1
TCRR,5,650,1
TCRR,5,650,1
TCRR,5,700,1
TCRR,4,500,1
TCRR,7,720,1
TCRR,3,420,1
TCRR,2,270,1
TCRR,2,240,1
TCRR,2,230,1
TCRR,4,570,1
TCRR,9,790,1
TCRR,3,420,1
TCRR,2,220,1
TCRR,2,240,1
TCRR,2,230,1
TCRR,1,170,1
TCRR,2,260,1
TCRR,2,260,1
TCRR,2,290,1
TCRR,2,230,1
TCRR,5,660,1
TCRR,5,640,1
TCRR,2,280,1
TCRR,2,350,1
TCRR,2,280,1
TCRR,1,170,1
TCRR,3,460,1
TCRR,4,500,1
TCRR,2,280,1
TCRR,2,260,1
TCRR,2,270,1
TCRR,2,260,1
TCRR,2,280,1
TCRR,2,240,1
TCRR,4,500,1
TCRR,2,280,1
TCRR,2,240,1
TCRR,2,250,1
TCRR,2,300,1
TCRR,2,190,1
TCRR,2,270,1
TCRR,1,190,1
TCRR,2,250,1
TCRR,2,270,1
TCRR,2,280,1
TCRR,2,250,1
TCRR,2,230,1
TCRR,2,280,1
TCRR,2,250,1
TCRR,2,310,1
TCRR,2,310,1
TCRR,1,170,1
TCRR,2,250,1
TCRR,2,260,1
TCRR,2,280,1
TCRR,2,280,1
TCRR,2,290,1
TCRR,2,290,1
TCRR,1,170,1
TCRR,4,630,1
TCRR,2,270,1
TCRR,2,240,1
TCRR,2,250,1
TCRR,2,250,1
TCRR,2,300,1
TCRR,5,570,1
TCRR,1,170,1
TCRR,2,310,1
TCRR,4,500,1
TCRR,1,190,1
TCRR,2,270,1
TCRR,2,280,1
TCRR,2,260,1
TCRR,2,280,1
TCRR,2,250,1
TCRR,2,280,1
TCRR,2,280,1
TCRR,2,300,1
TCRR,2,260,1
TCRR,2,290,1
TCRR,2,270,1
TCRR,1,190,1
TCRR,2,280,1
TCRR,2,240,1
TCRR,2,290,1
TCRR,2,260,1
TCRR,2,290,1
TCRR,2,240,1
TCRR,2,280,1
TCRR,2,260,1
TCRR,2,280,1
TCRR,2,280,1
TCRR,2,280,1
TCRR,2,250,1
TCRR,2,270,1
TCRR,1,170,1
TCRR,1,170,1
TCRR,1,170,1
TCRR,2,260,1
TCRR,2,250,1
TCRR,1,180,1
TCRR,2,220,1
TCRR,2,220,1
TCRR,2,270,1
TCRR,2,270,1
TCRR,2,270,1
TCRR,2,250,1
TCRR,2,240,1
TCRR,2,230,1
TCRR,2,260,1
TCRR,2,250,1
TCRR,2,260,1
TCRR,2,260,1
TCRR,2,270,1
TCRR,2,240,1
TCRR,1,190,1
TCRR,2,290,1
TCRR,1,170,1
TCRR,2,280,1
TCRR,2,300,1
TCRR,4,530,1
TCRR,2,290,1
TCRR,2,280,1
TCRR,2,310,1
TCRR,2,260,1
TCRR,1,180,1
TCRR,2,210,1
TCRR,3,500,1
TCRR,2,260,1
TCRR,1,200,1
TCRR,1,170,1
TCRR,1,160,1
TCRR,3,370,1
TCRR,2,280,1
TCRR,1,140,1
TCRR,2,310,1
TCRR,2,260,1
TCRR,2,250,1
TCRR,2,280,1
TCRR,2,270,1
TCRR,2,250,1
TCRR,2,280,1
TCRR,2,270,1
TCRR,2,250,1
TCRR,2,280,1
TCRR,2,260,1
TCRR,2,260,1
TCRR,2,290,1
TCRR,2,240,1
TCRR,2,290,1
TCRR,1,170,1
TCRR,2,260,1
TCRR,2,280,1
TCRR,3,290,1
TCRR,2,260,1
TCRR,2,250,1
TCRR,2,260,1
TCRR,2,280,1
TCRR,2,220,1
TCRR,1,160,1
TCRR,2,230,1
TCRR,2,230,1
TCRR,2,320,1
TCRR,2,230,1
TCRR,1,170,1
TCRR,1,170,1
TCRR,2,250,1
TCRR,4,530,1
TCRR,2,250,1
TCRR,2,250,1
TCRR,4,570,1
TCRR,2,290,1
TCRR,2,280,1
TCRR,2,250,1
TCRR,2,190,1
TCRR,5,690,1
TCRR,4,580,1
TCRR,2,250,1
TCRR,2,230,1
TCRR,2,260,1
TCRR,3,370,1
TCRR,4,510,1
TCRR,4,650,1
TCRR,1,180,1
TCRR,2,300,1
TCRR,2,280,1
TCRR,2,280,1
TCRR,2,250,1
TCRR,1,150,1
TCRR,2,250,1
TCRR,2,260,1
TCRR,2,280,1
TCRR,1,180,1
TCRR,2,260,1
TCRR,2,290,1
TCRR,2,260,1
TCRR,1,170,1
TCRR,2,250,1
TCRR,2,250,1
TCRR,2,280,1
TCRR,1,170,1
TCRR,1,190,1
TCRR,2,310,1
TCRR,2,220,1
TCRR,1,150,1
TCRR,1,120,1
TCRR,1,190,1
TCRR,1,170,1
TCRR,2,260,1
TCRR,1,170,1
WLFC,1,230,1
WLFC,2,280,1
WLFC,3,280,1
WLFC,2,310,1
WLFC,4,430,1
WLFC,3,300,1
WLFC,2,340,1
WLFC,2,230,1
WLFC,3,290,1
WLFC,3,350,1
WLFC,3,340,1
WLFC,2,320,1
WLFC,2,270,1
WLFC,2,280,1
WLFC,1,270,1
WLFC,4,340,1
WLFC,3,370,1
WLFC,3,360,1
WLFC,2,280,1
WLFC,4,370,1
WLFC,3,320,1
WLFC,8,810,1
WLFC,1,280,1
WLFC,3,320,1
WLFC,2,270,1
WLFC,2,350,1
WLFC,3,290,1
WLFC,2,240,1
WLFC,4,330,1
WLFC,5,500,1
WLFC,3,370,1
WLFC,3,320,1
WLFC,4,370,1
WLFC,3,370,1
WLFC,3,310,1
WLFC,3,340,1
WLFC,5,430,1
WLFC,4,430,1
WLFC,3,300,1
WLFC,3,320,1
WLFC,2,370,1
WLFC,3,310,1
WLFC,3,360,1
WLFC,1,280,1
WLFC,3,330,1
WLFC,1,210,1
WLFC,3,340,1
WLFC,1,290,1
WLFC,2,230,1
WLFC,8,700,1
WLFC,6,610,1
WLFC,10,890,1
WLFC,10,820,1
WLFC,8,640,1
WLFC,4,330,1
WLFC,3,330,1
WLFC,2,320,1
WLFC,2,310,1
WLFC,8,710,1
WLFC,6,540,1
WLFC,3,370,1
WLFC,3,390,1
WLFC,2,320,1
WLFC,3,330,1
WLFC,2,260,1
WLFC,1,270,1
WLFC,3,360,1
WLFC,9,690,1
WLFC,3,380,1
WLFC,2,250,1
WLFC,3,300,1
WLFC,3,310,1
WLFC,8,690,1
WLFC,4,390,1
WLFC,2,280,1
WLFC,2,250,1
WLFC,4,430,1
WLFC,3,360,1
WLFC,1,220,1
WLFC,3,320,1
WLFC,3,370,1
WLFC,3,430,1
WLFC,3,330,1
WLFC,2,240,1
WLFC,10,750,1
WLFC,5,470,1
WLFC,2,230,1
WLFC,8,550,1
WLFC,3,410,1
WLFC,2,280,1
WLFC,2,220,1
WLFC,1,230,1
WLFC,2,300,1
WLFC,8,610,1
WLFC,3,270,1
WLFC,3,370,1
WLFC,3,320,1
WLFC,2,280,1
WLFC,2,300,1
WLFC,3,360,1
WLFC,2,230,1
WLFC,2,330,1
WLFC,2,280,1
WLFC,2,250,1
WLFC,2,250,1
WLFC,9,830,1
WLFC,5,360,1
WLFC,1,220,1
WLFC,4,350,1
WLFC,3,300,1
WLFC,3,360,1
WLFC,2,260,1
WLFC,10,730,1
WLFC,9,660,1
WLFC,11,780,1
WLFC,6,630,1
WLFC,8,760,1
WLFC,6,630,1
WLFC,8,660,1
WLFC,9,730,1
WLFC,3,340,1
WLFC,8,700,1
WLFC,2,310,1
WLFC,4,360,1
WLFC,2,240,1
WLFC,3,330,1
WLFC,8,510,1
WLFC,3,360,1
WLFC,3,360,1
WLFC,1,260,1
WLFC,3,440,1
WLFC,3,420,1
WLFC,4,400,1
WLFC,2,260,1
WLFC,3,250,1
WLFC,4,380,1
WLFC,6,520,1
WLFC,4,450,1
WLFC,4,420,1
WLFC,3,350,1
WLFC,6,430,1
WLFC,3,370,1
WLFC,3,440,1
WLFC,3,380,1
WLFC,4,380,1
WLFC,3,400,1
WLFC,2,260,1
WLFC,1,230,1
WLFC,3,370,1
WLFC,2,350,1
WLFC,3,430,1
WLFC,2,220,1
WLFC,6,660,1
WLFC,10,750,1
WLFC,2,280,1
WLFC,3,330,1
WLFC,2,260,1
WLFC,2,300,1
WLFC,2,330,1
WLFC,1,230,1
WLFC,12,870,1
WLFC,8,690,1
WLFC,14,1070,1
WLFC,9,700,1
WLFC,8,680,1
WLFC,8,670,1
WLFC,6,620,1
WLFC,7,710,1
WLFC,4,350,1
WLFC,3,370,1
WLFC,2,320,1
WLFC,4,340,1
WLFC,2,280,1
WLFC,3,340,1
WLFC,1,260,1
WLFC,4,450,1
WLFC,3,330,1
WLFC,4,440,1
WLFC,2,280,1
WLFC,1,270,1
WLFC,1,230,1
WLFC,3,350,1
WLFC,1,280,1
WLFC,1,270,1
WLFC,3,310,1
WLFC,2,290,1
WLFC,1,270,1
WLFC,2,300,1
WLFC,2,290,1
WLFC,10,750,1
WLFC,7,650,1
WLFC,9,700,1
WLFC,2,300,1
WLFC,3,320,1
WLFC,8,760,1
WLFC,10,720,1
WLFC,3,330,1
WLFC,4,370,1
WLFC,6,640,1
WLFC,4,410,1
WLFC,3,320,1
WLFC,3,360,1
WLFC,3,370,1
WLFC,3,390,1
WLFC,2,310,1
WLFC,4,390,1
WLFC,4,380,1
WLFC,2,360,1
WLFC,3,280,1
WLFC,3,330,1
WLFC,1,260,1
WLFC,2,340,1
WLFC,1,260,1
WLFC,1,250,1
WLFC,1,250,1
WLFC,2,310,1
WLFC,3,350,1
WLFC,4,360,1
WLFC,1,260,1
WLFC,2,290,1
WLFC,2,270,1
WLFC,2,250,1
WLFC,7,700,1
WLFC,6,600,1
WLFC,2,270,1
WLFC,1,250,1
WLFC,3,330,1
WLFC,2,300,1
WLFC,2,260,1
WLFC,2,260,1
WLFC,1,270,1
WLFC,2,270,1
WLFC,3,330,1
WLFC,1,260,1
WLFC,1,260,1
WLFC,2,330,1
WLFC,4,340,1
WLFC,3,290,1
WLFC,2,270,1
WLFC,2,310,1
WLFC,3,300,1
WLFC,3,310,1
WLFC,3,320,1
WLFC,3,320,1
WLFC,1,250,1
WLFC,2,300,1
WLFC,2,270,1
WLFC,1,300,1
WLFC,2,260,1
WLFC,2,270,1
WLFC,3,380,1
WLFC,10,690,1
WLFC,3,330,1
WLFC,1,240,1
WLFC,10,790,1
WLFC,2,340,1
WLFC,3,360,1
WLFC,3,340,1
WLFC,4,370,1
WLFC,3,420,1
WLFC,5,510,1
WLFC,3,350,1
WLFC,3,310,1
WLFC,3,390,1
WLFC,10,760,1
WLFC,15,930,1
WLFC,3,360,1
WLFC,10,700,1
WLFC,2,250,1
WLFC,8,620,1
WLFC,1,250,1
WLFC,2,320,1
WLFC,1,270,1
WLFC,1,240,1
WLFC,3,270,1
WLFC,2,280,1
WLFC,2,270,1
WLFC,6,470,1
WLFC,4,330,1
WLFC,4,350,1
WLFC,3,350,1
WLFC,4,380,1
WLFC,4,350,1
WLFC,2,280,1
WLFC,5,370,1
WLFC,2,330,1
WLFC,1,230,1
WLFC,2,290,1
WLFC,2,290,1
WLFC,2,270,1
WLFC,3,280,1
WLFC,2,250,1
WLFC,2,270,1
WLFC,2,260,1
WLFC,2,270,1
WLFC,2,270,1
WLFC,8,650,1
WLFC,4,360,1
WLFC,3,270,1
WLFC,5,510,1
WLFC,4,480,1
WLFC,3,370,1
WLFC,4,410,1
WLFC,4,420,1
WLFC,3,360,1
WLFC,12,700,1
WLFC,3,310,1
WLFC,1,260,1
WLFC,1,180,1
WLFC,10,730,1
WLFC,1,230,1
WLFC,2,320,1
WLFC,1,230,1
WLFC,2,250,1
WLFC,2,260,1
WLFC,3,450,1
WLFC,4,480,1
WLFC,5,480,1
WLFC,9,790,1
WLFC,8,630,1
WLFC,8,690,1
WLFC,8,610,1
WLFC,3,330,1
WLFC,3,460,1
WLFC,4,360,1
WLFC,2,320,1
WLFC,1,220,1
WLFC,2,370,1
WLFC,3,370,1
WLFC,3,360,1
WLFC,4,360,1
WLFC,4,490,1
WLFC,10,760,1
WLFC,6,670,1
WLFC,8,710,1
WLFC,4,460,1
WLFC,2,240,1
WLFC,2,350,1
WLFC,3,370,1
WLFC,8,670,1
WLFC,3,420,1
WLFC,3,350,1
WLFC,2,350,1
WLFC,4,360,1
WLFC,3,390,1
WLFC,3,350,1
WLFC,8,660,1
WLFC,3,360,1
WLFC,3,370,1
WLFC,8,720,1
WLFC,6,610,1
WLFC,1,220,1
WLFC,6,620,1
WLFC,3,420,1
WLFC,9,740,1
WLFC,7,660,1
WLFC,8,660,1
WLFC,9,740,1
WLFC,3,290,1
WLFC,3,370,1
WLFC,8,700,1
WLFC,3,320,1
WLFC,1,320,1
WLFC,1,270,1
WLFC,8,650,1
WLFC,3,360,1
WLFC,3,350,1
WLFC,2,270,1
WLFC,1,270,1
WLFC,2,300,1
WLFC,1,250,1
WLFC,2,250,1
WLFC,10,740,1
WLFC,2,320,1
WLFC,3,360,1
WLFC,10,830,1
WLFC,1,280,1
WLFC,2,330,1
WLFC,1,240,1
WLFC,2,260,1
WLFC,1,240,1
WLFC,1,220,1
WLFC,1,250,1
WLFC,1,230,1
WLFC,4,400,1
WLFC,3,260,1
WLFC,1,240,1
WLFC,2,290,1
WLFC,10,830,1
WLFC,3,410,1
WLFC,4,400,1
WLFC,2,240,1
WLFC,3,320,1
WLFC,3,370,1
WLFC,2,320,1
WLFC,4,450,1
WLFC,8,740,1
WLFC,8,730,1
WLFC,1,280,1
WLFC,3,300,1
WLFC,3,280,1
WLFC,3,370,1
WLFC,3,270,1
WLFC,1,250,1
WLFC,2,250,1
WLFC,2,280,1
WLFC,2,280,1
WLFC,10,770,1
WLFC,8,590,1
WLFC,3,350,1
WLFC,10,740,1
WLFC,10,830,1
WLFC,4,370,1
WLFC,3,360,1
WLFC,4,430,1
WLFC,3,380,1
WLFC,8,680,1
WLFC,2,280,1
WLFC,4,430,1
WLFC,8,640,1
WLFC,9,710,1
WLFC,10,730,1
WLFC,3,340,1
WLFC,8,620,1
WLFC,3,320,1
WLFC,3,370,1
WLFC,2,260,1
WLFC,2,290,1
WLFC,4,320,1
WLFC,2,290,1
WLFC,3,340,1
WLFC,2,300,1
WLFC,1,230,1
WLFC,1,280,1
WLFC,1,290,1
WLFC,4,430,1
WLFC,4,480,1
WLFC,3,390,1
WLFC,5,430,1
WLFC,10,710,1
WLFC,4,470,1
WLFC,3,430,1
WLFC,8,570,1
WLFC,1,240,1
WLFC,2,280,1
WLFC,2,290,1
WLFC,2,360,1
WLFC,3,370,1
WLFC,4,450,1
WLFC,5,440,1
WLFC,3,340,1
WLFC,3,350,1
WLFC,10,720,1
WLFC,10,950,1
WLFC,10,870,1
WLFC,11,850,1
WLFC,8,660,1
WLFC,4,350,1
WLFC,10,650,1
WLFC,3,330,1
WLFC,4,450,1
WLFC,2,280,1
WLFC,10,730,1
WLFC,14,1040,1
WLFC,9,760,1
WLFC,3,380,1
WLFC,2,260,1
WLFC,1,210,1
WLFC,1,240,1
WLFC,3,280,1
WLFC,1,250,1
WLFC,1,260,1
WLFC,1,270,1
WLFC,2,280,1
WLFC,1,250,1
WLFC,10,870,1
WLFC,2,330,1
WLFC,10,810,1
WLFC,4,440,1
WLFC,10,770,1
WLFC,4,530,1
WLFC,8,640,1
WLFC,9,600,1
WLFC,1,310,1
WLFC,5,450,1
WLFC,3,350,1
WLFC,11,730,1
WLFC,2,330,1
WLFC,8,650,1
WLFC,6,650,1
WLFC,6,550,1
WLFC,2,340,1
WLFC,2,270,1
WLFC,8,700,1
WLFC,2,290,1
WLFC,4,320,1
WLFC,2,270,1
WLFC,1,270,1
WLFC,2,260,1
WLFC,3,340,1
WLFC,3,340,1
WLFC,2,310,1
WLFC,2,300,1
WLFC,8,720,1
WLFC,10,920,1
WLFC,10,740,1
WLFC,9,650,1
WLFC,10,790,1
WLFC,7,760,1
WLFC,8,750,1
WLFC,3,380,1
WLFC,5,430,1
WLFC,4,370,1
WLFC,2,260,1
WLFC,1,250,1
WLFC,2,330,1
WLFC,4,350,1
WLFC,1,240,1
WLFC,6,590,1
WLFC,2,290,1
WLFC,2,270,1
WLFC,2,270,1
WLFC,2,260,1
WLFC,2,240,1
WLFC,2,290,1
WLFC,3,290,1
WLFC,2,290,1
WLFC,4,360,1
WLFC,2,270,1
WLFC,2,280,1
WLFC,12,900,1
WLFC,2,270,1
WLFC,3,360,1
WLFC,2,360,1
WLFC,4,340,1
WLFC,4,310,1
WLFC,3,320,1
WLFC,2,280,1
WLFC,2,240,1
WLFC,4,440,1
WLFC,8,690,1
WLFC,3,390,1
WLFC,6,620,1
WLFC,4,360,1
WLFC,1,290,1
WLFC,3,350,1
WLFC,3,350,1
WLFC,1,300,1
WLFC,3,290,1
WLFC,2,360,1
WLFC,3,270,1
WLFC,10,790,1
WLFC,2,290,1
WLFC,10,770,1
WLFC,2,330,1
WLFC,2,270,1
WLFC,3,370,1
WLFC,4,370,1
WLFC,3,360,1
WLFC,4,370,1
WLFC,2,250,1
WLFC,1,240,1
WLFC,2,270,1
WLFC,10,760,1
WLFC,2,280,1
WLFC,2,310,1
WLFC,2,280,1
WLFC,2,320,1
WLFC,2,270,1
WLFC,2,230,1
WLFC,3,260,1
WLFC,2,250,1
