impd,u,metric,value,reg
ELDR,0,bfm,NA,maximum
ELDR,0.02,bfm,NA,maximum
ELDR,0.04,bfm,NA,maximum
ELDR,0.06,bfm,NA,maximum
ELDR,0.08,bfm,NA,maximum
ELDR,0.1,bfm,NA,maximum
ELDR,0.12,bfm,NA,maximum
ELDR,0.14,bfm,NA,maximum
ELDR,0.16,bfm,NA,maximum
ELDR,0.18,bfm,NA,maximum
ELDR,0.2,bfm,NA,maximum
ELDR,0.22,bfm,NA,maximum
ELDR,0.24,bfm,NA,maximum
ELDR,0.26,bfm,NA,maximum
ELDR,0.28,bfm,NA,maximum
ELDR,0.3,bfm,NA,maximum
ELDR,0.32,bfm,NA,maximum
ELDR,0.34,bfm,NA,maximum
ELDR,0.36,bfm,NA,maximum
ELDR,0.38,bfm,NA,maximum
ELDR,0,bfm,NA,no_length
ELDR,0.02,bfm,NA,no_length
ELDR,0.04,bfm,NA,no_length
ELDR,0.06,bfm,NA,no_length
ELDR,0.08,bfm,NA,no_length
ELDR,0.1,bfm,NA,no_length
ELDR,0.12,bfm,NA,no_length
ELDR,0.14,bfm,NA,no_length
ELDR,0.16,bfm,NA,no_length
ELDR,0.18,bfm,NA,no_length
ELDR,0.2,bfm,NA,no_length
ELDR,0.22,bfm,NA,no_length
ELDR,0.24,bfm,NA,no_length
ELDR,0.26,bfm,NA,no_length
ELDR,0.28,bfm,NA,no_length
ELDR,0.3,bfm,NA,no_length
ELDR,0.32,bfm,NA,no_length
ELDR,0.34,bfm,NA,no_length
ELDR,0.36,bfm,NA,no_length
ELDR,0.38,bfm,NA,no_length
ELDR,0,bfm,NA,protected_slot
ELDR,0.02,bfm,NA,protected_slot
ELDR,0.04,bfm,NA,protected_slot
ELDR,0.06,bfm,NA,protected_slot
ELDR,0.08,bfm,NA,protected_slot
ELDR,0.1,bfm,NA,protected_slot
ELDR,0.12,bfm,NA,protected_slot
ELDR,0.14,bfm,NA,protected_slot
ELDR,0.16,bfm,NA,protected_slot
ELDR,0.18,bfm,NA,protected_slot
ELDR,0.2,bfm,NA,protected_slot
ELDR,0.22,bfm,NA,protected_slot
ELDR,0.24,bfm,NA,protected_slot
ELDR,0.26,bfm,NA,protected_slot
ELDR,0.28,bfm,NA,protected_slot
ELDR,0.3,bfm,NA,protected_slot
ELDR,0.32,bfm,NA,protected_slot
ELDR,0.34,bfm,NA,protected_slot
ELDR,0.36,bfm,NA,protected_slot
ELDR,0.38,bfm,NA,protected_slot
ELDR,0,spr,0.4538962,maximum
ELDR,0.02,spr,0.8447555,maximum
ELDR,0.04,spr,0.7174922,maximum
ELDR,0.06,spr,0.6126964,maximum
ELDR,0.08,spr,0.5259907,maximum
ELDR,0.1,spr,0.4538962,maximum
ELDR,0.12,spr,0.3936444,maximum
ELDR,0.14,spr,0.3430279,maximum
ELDR,0.16,spr,0.3002831,maximum
ELDR,0.18,spr,0.2639976,maximum
ELDR,0.2,spr,0.2330367,maximum
ELDR,0.22,spr,0.2064860,maximum
ELDR,0.24,spr,0.1836060,maximum
ELDR,0.26,spr,0.1637962,maximum
ELDR,0.28,spr,0.1465673,maximum
ELDR,0.3,spr,0.1315185,maximum
ELDR,0.32,spr,0.1183202,maximum
ELDR,0.34,spr,0.1067000,maximum
ELDR,0.36,spr,0.0964320,maximum
ELDR,0.38,spr,0.0873274,maximum
ELDR,0,spr,0.4538339,no_length
ELDR,0.02,spr,0.8447062,no_length
ELDR,0.04,spr,0.7174217,no_length
ELDR,0.06,spr,0.6126212,no_length
ELDR,0.08,spr,0.5259198,no_length
ELDR,0.1,spr,0.4538339,no_length
ELDR,0.12,spr,0.3935921,no_length
ELDR,0.14,spr,0.3429855,no_length
ELDR,0.16,spr,0.3002497,no_length
ELDR,0.18,spr,0.2639718,no_length
ELDR,0.2,spr,0.2330172,no_length
ELDR,0.22,spr,0.2064714,no_length
ELDR,0.24,spr,0.1835953,no_length
ELDR,0.26,spr,0.1637885,no_length
ELDR,0.28,spr,0.1465618,no_length
ELDR,0.3,spr,0.1315146,no_length
ELDR,0.32,spr,0.1183175,no_length
ELDR,0.34,spr,0.1066982,no_length
ELDR,0.36,spr,0.0964307,no_length
ELDR,0.38,spr,0.0873265,no_length
ELDR,0,spr,0.2864691,protected_slot
ELDR,0.02,spr,0.7793255,protected_slot
ELDR,0.04,spr,0.6070867,protected_slot
ELDR,0.06,spr,0.4727529,protected_slot
ELDR,0.08,spr,0.3680458,protected_slot
ELDR,0.1,spr,0.2864691,protected_slot
ELDR,0.12,spr,0.2229342,protected_slot
ELDR,0.14,spr,0.1734608,protected_slot
ELDR,0.16,spr,0.1349402,protected_slot
ELDR,0.18,spr,0.1049473,protected_slot
ELDR,0.2,spr,0.0815923,protected_slot
ELDR,0.22,spr,0.0634042,protected_slot
ELDR,0.24,spr,0.0492380,protected_slot
ELDR,0.26,spr,0.0382034,protected_slot
ELDR,0.28,spr,0.0296081,protected_slot
ELDR,0.3,spr,0.0229136,protected_slot
ELDR,0.32,spr,0.0177012,protected_slot
ELDR,0.34,spr,0.0136449,protected_slot
ELDR,0.36,spr,0.0104909,protected_slot
ELDR,0.38,spr,0.0080412,protected_slot
ELDR,0,yield,0.1991337,maximum
ELDR,0.02,yield,0.0642357,maximum
ELDR,0.04,yield,0.1128794,maximum
ELDR,0.06,yield,0.1497779,maximum
ELDR,0.08,yield,0.1778107,maximum
ELDR,0.1,yield,0.1991337,maximum
ELDR,0.12,yield,0.2153622,maximum
ELDR,0.14,yield,0.2277083,maximum
ELDR,0.16,yield,0.2370835,maximum
ELDR,0.18,yield,0.2441751,maximum
ELDR,0.2,yield,0.2495032,maximum
ELDR,0.22,yield,0.2534629,maximum
ELDR,0.24,yield,0.2563559,maximum
ELDR,0.26,yield,0.2584136,maximum
ELDR,0.28,yield,0.2598148,maximum
ELDR,0.3,yield,0.2606980,maximum
ELDR,0.32,yield,0.2611715,maximum
ELDR,0.34,yield,0.2613203,maximum
ELDR,0.36,yield,0.2612117,maximum
ELDR,0.38,yield,0.2608990,maximum
ELDR,0,yield,0.1992159,no_length
ELDR,0.02,yield,0.0643128,no_length
ELDR,0.04,yield,0.1129851,no_length
ELDR,0.06,yield,0.1498861,no_length
ELDR,0.08,yield,0.1779084,no_length
ELDR,0.1,yield,0.1992159,no_length
ELDR,0.12,yield,0.2154280,no_length
ELDR,0.14,yield,0.2277592,no_length
ELDR,0.16,yield,0.2371218,no_length
ELDR,0.18,yield,0.2442033,no_length
ELDR,0.2,yield,0.2495235,no_length
ELDR,0.22,yield,0.2534772,no_length
ELDR,0.24,yield,0.2563658,no_length
ELDR,0.26,yield,0.2584205,no_length
ELDR,0.28,yield,0.2598194,no_length
ELDR,0.3,yield,0.2607011,no_length
ELDR,0.32,yield,0.2611735,no_length
ELDR,0.34,yield,0.2613217,no_length
ELDR,0.36,yield,0.2612126,no_length
ELDR,0.38,yield,0.2608995,no_length
ELDR,0,yield,0.1481574,protected_slot
ELDR,0.02,yield,0.0573989,protected_slot
ELDR,0.04,yield,0.0968297,protected_slot
ELDR,0.06,yield,0.1229013,protected_slot
ELDR,0.08,yield,0.1391235,protected_slot
ELDR,0.1,yield,0.1481574,protected_slot
ELDR,0.12,yield,0.1520098,protected_slot
ELDR,0.14,yield,0.1521863,protected_slot
ELDR,0.16,yield,0.1498093,protected_slot
ELDR,0.18,yield,0.1457099,protected_slot
ELDR,0.2,yield,0.1404985,protected_slot
ELDR,0.22,yield,0.1346195,protected_slot
ELDR,0.24,yield,0.1283926,protected_slot
ELDR,0.26,yield,0.1220444,protected_slot
ELDR,0.28,yield,0.1157329,protected_slot
ELDR,0.3,yield,0.1095654,protected_slot
ELDR,0.32,yield,0.1036120,protected_slot
ELDR,0.34,yield,0.0979161,protected_slot
ELDR,0.36,yield,0.0925020,protected_slot
ELDR,0.38,yield,0.0873802,protected_slot
MILR,0,bfm,209.7570628,maximum
MILR,0.02,bfm,167.9590562,maximum
MILR,0.04,bfm,133.8752073,maximum
MILR,0.06,bfm,106.1996248,maximum
MILR,0.08,bfm,83.82676256,maximum
MILR,0.1,bfm,65.8239889,maximum
MILR,0.12,bfm,51.4074411,maximum
MILR,0.14,bfm,39.92082949,maximum
MILR,0.16,bfm,30.81688514,maximum
MILR,0.18,bfm,23.64117018,maximum
MILR,0.2,bfm,18.01799449,maximum
MILR,0.22,bfm,13.63820526,maximum
MILR,0.24,bfm,10.24863693,maximum
MILR,0.26,bfm,7.643029045,maximum
MILR,0.28,bfm,5.654237593,maximum
MILR,0.3,bfm,4.147582498,maximum
MILR,0.32,bfm,3.015189643,maximum
MILR,0.34,bfm,2.171200268,maximum
MILR,0.36,bfm,1.547733942,maximum
MILR,0.38,bfm,1.091503613,maximum
MILR,0,bfm,209.7570628,no_length
MILR,0.02,bfm,164.5998751,no_length
MILR,0.04,bfm,128.520199,no_length
MILR,0.06,bfm,99.82764735,no_length
MILR,0.08,bfm,77.12062155,no_length
MILR,0.1,bfm,59.24159001,no_length
MILR,0.12,bfm,45.23854817,no_length
MILR,0.14,bfm,34.33191336,no_length
MILR,0.16,bfm,25.88618352,no_length
MILR,0.18,bfm,19.38575954,no_length
MILR,0.2,bfm,14.4143956,no_length
MILR,0.22,bfm,10.63780011,no_length
MILR,0.24,bfm,7.788964067,no_length
MILR,0.26,bfm,5.655841493,no_length
MILR,0.28,bfm,4.071051067,no_length
MILR,0.3,bfm,2.903307748,no_length
MILR,0.32,bfm,2.050328958,no_length
MILR,0.34,bfm,1.432992177,no_length
MILR,0.36,bfm,0.990549723,no_length
MILR,0.38,bfm,0.67673224,no_length
MILR,0,bfm,209.7570628,protected_slot
MILR,0.02,bfm,185.8116959,protected_slot
MILR,0.04,bfm,164.1889748,protected_slot
MILR,0.06,bfm,144.705059,protected_slot
MILR,0.08,bfm,127.1872441,protected_slot
MILR,0.1,bfm,111.4735032,protected_slot
MILR,0.12,bfm,97.41203718,protected_slot
MILR,0.14,bfm,84.86083494,protected_slot
MILR,0.16,bfm,73.68724327,protected_slot
MILR,0.18,bfm,63.76754646,protected_slot
MILR,0.2,bfm,54.98655546,protected_slot
MILR,0.22,bfm,47.23720678,protected_slot
MILR,0.24,bfm,40.42017101,protected_slot
MILR,0.26,bfm,34.44347107,protected_slot
MILR,0.28,bfm,29.22211002,protected_slot
MILR,0.3,bfm,24.67770868,protected_slot
MILR,0.32,bfm,20.73815276,protected_slot
MILR,0.34,bfm,17.33724978,protected_slot
MILR,0.36,bfm,14.4143956,protected_slot
MILR,0.38,bfm,11.91425058,protected_slot
MILR,0,spr,0.3921275,maximum
MILR,0.02,spr,0.8308234,maximum
MILR,0.04,spr,0.6894905,maximum
MILR,0.06,spr,0.5716503,maximum
MILR,0.08,spr,0.4735854,maximum
MILR,0.1,spr,0.3921275,maximum
MILR,0.12,spr,0.3245832,maximum
MILR,0.14,spr,0.2686680,maximum
MILR,0.16,spr,0.2224494,maximum
MILR,0.18,spr,0.1842972,maximum
MILR,0.2,spr,0.1528396,maximum
MILR,0.22,spr,0.1269254,maximum
MILR,0.24,spr,0.1055912,maximum
MILR,0.26,spr,0.0880330,maximum
MILR,0.28,spr,0.0735819,maximum
MILR,0.3,spr,0.0616826,maximum
MILR,0.32,spr,0.0518759,maximum
MILR,0.34,spr,0.0437826,maximum
MILR,0.36,spr,0.0370907,maximum
MILR,0.38,spr,0.0315444,maximum
MILR,0,spr,0.3163345,no_length
MILR,0.02,spr,0.7859081,no_length
MILR,0.04,spr,0.6206933,no_length
MILR,0.06,spr,0.4928621,no_length
MILR,0.08,spr,0.3936399,no_length
MILR,0.1,spr,0.3163345,no_length
MILR,0.12,spr,0.2558450,no_length
MILR,0.14,spr,0.2082842,no_length
MILR,0.16,spr,0.1706897,no_length
MILR,0.18,spr,0.1408020,no_length
MILR,0.2,spr,0.1168965,no_length
MILR,0.22,spr,0.0976543,no_length
MILR,0.24,spr,0.0820645,no_length
MILR,0.26,spr,0.0693506,no_length
MILR,0.28,spr,0.0589140,no_length
MILR,0.3,spr,0.0502911,no_length
MILR,0.32,spr,0.0431220,no_length
MILR,0.34,spr,0.0371255,no_length
MILR,0.36,spr,0.0320807,no_length
MILR,0.38,spr,0.0278133,no_length
MILR,0,spr,0.3234374,protected_slot
MILR,0.02,spr,0.8036563,protected_slot
MILR,0.04,spr,0.6436372,protected_slot
MILR,0.06,spr,0.5136379,protected_slot
MILR,0.08,spr,0.4083760,protected_slot
MILR,0.1,spr,0.3234374,protected_slot
MILR,0.12,spr,0.2551429,protected_slot
MILR,0.14,spr,0.2004352,protected_slot
MILR,0.16,spr,0.1567806,protected_slot
MILR,0.18,spr,0.1220862,protected_slot
MILR,0.2,spr,0.0946281,protected_slot
MILR,0.22,spr,0.0729919,protected_slot
MILR,0.24,spr,0.0560206,protected_slot
MILR,0.26,spr,0.0427713,protected_slot
MILR,0.28,spr,0.0324787,protected_slot
MILR,0.3,spr,0.0245241,protected_slot
MILR,0.32,spr,0.0184092,protected_slot
MILR,0.34,spr,0.0137349,protected_slot
MILR,0.36,spr,0.0101825,protected_slot
MILR,0.38,spr,0.0074991,protected_slot
MILR,0,yield,0.5150551,maximum
MILR,0.02,yield,0.1634563,maximum
MILR,0.04,yield,0.2905991,maximum
MILR,0.06,yield,0.3880351,maximum
MILR,0.08,yield,0.4613086,maximum
MILR,0.1,yield,0.5150551,maximum
MILR,0.12,yield,0.5531335,maximum
MILR,0.14,yield,0.5787426,maximum
MILR,0.16,yield,0.5945209,maximum
MILR,0.18,yield,0.6026342,maximum
MILR,0.2,yield,0.6048497,maximum
MILR,0.22,yield,0.6026009,maximum
MILR,0.24,yield,0.5970427,maximum
MILR,0.26,yield,0.5890983,maximum
MILR,0.28,yield,0.5794994,maximum
MILR,0.3,yield,0.5688203,maximum
MILR,0.32,yield,0.5575066,maximum
MILR,0.34,yield,0.5458991,maximum
MILR,0.36,yield,0.5342541,maximum
MILR,0.38,yield,0.5227605,maximum
MILR,0,yield,0.7785869,no_length
MILR,0.02,yield,0.3439371,no_length
MILR,0.04,yield,0.5569847,no_length
MILR,0.06,yield,0.6821670,no_length
MILR,0.08,yield,0.7492380,no_length
MILR,0.1,yield,0.7785869,no_length
MILR,0.12,yield,0.7840428,no_length
MILR,0.14,yield,0.7748770,no_length
MILR,0.16,yield,0.7572209,no_length
MILR,0.18,yield,0.7350634,no_length
MILR,0.2,yield,0.7109460,no_length
MILR,0.22,yield,0.6864439,no_length
MILR,0.24,yield,0.6624955,no_length
MILR,0.26,yield,0.6396263,no_length
MILR,0.28,yield,0.6180988,no_length
MILR,0.3,yield,0.5980125,no_length
MILR,0.32,yield,0.5793688,no_length
MILR,0.34,yield,0.5621133,no_length
MILR,0.36,yield,0.5461624,no_length
MILR,0.38,yield,0.5314196,no_length
MILR,0,yield,0.3612223,protected_slot
MILR,0.02,yield,0.1542863,protected_slot
MILR,0.04,yield,0.2548419,protected_slot
MILR,0.06,yield,0.3159851,protected_slot
MILR,0.08,yield,0.3486731,protected_slot
MILR,0.1,yield,0.3612223,protected_slot
MILR,0.12,yield,0.3598859,protected_slot
MILR,0.14,yield,0.3493150,protected_slot
MILR,0.16,yield,0.3329254,protected_slot
MILR,0.18,yield,0.3131877,protected_slot
MILR,0.2,yield,0.2918554,protected_slot
MILR,0.22,yield,0.2701427,protected_slot
MILR,0.24,yield,0.2488634,protected_slot
MILR,0.26,yield,0.2285371,protected_slot
MILR,0.28,yield,0.2094710,protected_slot
MILR,0.3,yield,0.1918217,protected_slot
MILR,0.32,yield,0.1756414,protected_slot
MILR,0.34,yield,0.1609126,protected_slot
MILR,0.36,yield,0.1475732,protected_slot
MILR,0.38,yield,0.1355344,protected_slot
TCRR,0,bfm,25.61440304,maximum
TCRR,0.02,bfm,23.1533916,maximum
TCRR,0.04,bfm,20.8852849,maximum
TCRR,0.06,bfm,18.79851342,maximum
TCRR,0.08,bfm,16.88197977,maximum
TCRR,0.1,bfm,15.12504885,maximum
TCRR,0.12,bfm,13.51753801,maximum
TCRR,0.14,bfm,12.04970723,maximum
TCRR,0.16,bfm,10.71224925,maximum
TCRR,0.18,bfm,9.496279766,maximum
TCRR,0.2,bfm,8.393327587,maximum
TCRR,0.22,bfm,7.39532479,maximum
TCRR,0.24,bfm,6.494596889,maximum
TCRR,0.26,bfm,5.683853001,maximum
TCRR,0.28,bfm,4.956176007,maximum
TCRR,0.3,bfm,4.305012719,maximum
TCRR,0.32,bfm,3.72416404,maximum
TCRR,0.34,bfm,3.207775134,maximum
TCRR,0.36,bfm,2.750325584,maximum
TCRR,0.38,bfm,2.346619559,maximum
TCRR,0,bfm,25.61440304,no_length
TCRR,0.02,bfm,22.69032377,no_length
TCRR,0.04,bfm,20.04987351,no_length
TCRR,0.06,bfm,17.67060262,no_length
TCRR,0.08,bfm,15.53142139,no_length
TCRR,0.1,bfm,13.61254396,no_length
TCRR,0.12,bfm,11.89543345,no_length
TCRR,0.14,bfm,10.36274822,no_length
TCRR,0.16,bfm,8.998289368,no_length
TCRR,0.18,bfm,7.786949408,no_length
TCRR,0.2,bfm,6.71466207,no_length
TCRR,0.22,bfm,5.768353336,no_length
TCRR,0.24,bfm,4.935893636,no_length
TCRR,0.26,bfm,4.206051221,no_length
TCRR,0.28,bfm,3.568446725,no_length
TCRR,0.3,bfm,3.013508903,no_length
TCRR,0.32,bfm,2.532431547,no_length
TCRR,0.34,bfm,2.117131588,no_length
TCRR,0.36,bfm,1.760208374,no_length
TCRR,0.38,bfm,1.454904127,no_length
TCRR,0,bfm,25.61440304,protected_slot
TCRR,0.02,bfm,24.60007268,protected_slot
TCRR,0.04,bfm,23.60623384,protected_slot
TCRR,0.06,bfm,22.63288652,protected_slot
TCRR,0.08,bfm,21.68003073,protected_slot
TCRR,0.1,bfm,20.74766646,protected_slot
TCRR,0.12,bfm,19.83579371,protected_slot
TCRR,0.14,bfm,18.94441249,protected_slot
TCRR,0.16,bfm,18.07352278,protected_slot
TCRR,0.18,bfm,17.2231246,protected_slot
TCRR,0.2,bfm,16.39321794,protected_slot
TCRR,0.22,bfm,15.58380281,protected_slot
TCRR,0.24,bfm,14.79487919,protected_slot
TCRR,0.26,bfm,14.0264471,protected_slot
TCRR,0.28,bfm,13.27850653,protected_slot
TCRR,0.3,bfm,12.55105749,protected_slot
TCRR,0.32,bfm,11.84409996,protected_slot
TCRR,0.34,bfm,11.15763396,protected_slot
TCRR,0.36,bfm,10.49165948,protected_slot
TCRR,0.38,bfm,9.846176528,protected_slot
TCRR,0,spr,0.6264149,maximum
TCRR,0.02,spr,0.9137911,maximum
TCRR,0.04,spr,0.8336530,maximum
TCRR,0.06,spr,0.7592544,maximum
TCRR,0.08,spr,0.6902770,maximum
TCRR,0.1,spr,0.6264149,maximum
TCRR,0.12,spr,0.5673747,maximum
TCRR,0.14,spr,0.5128749,maximum
TCRR,0.16,spr,0.4626456,maximum
TCRR,0.18,spr,0.4164283,maximum
TCRR,0.2,spr,0.3739758,maximum
TCRR,0.22,spr,0.3350514,maximum
TCRR,0.24,spr,0.2994292,maximum
TCRR,0.26,spr,0.2668932,maximum
TCRR,0.28,spr,0.2372376,maximum
TCRR,0.3,spr,0.2102662,maximum
TCRR,0.32,spr,0.1857922,maximum
TCRR,0.34,spr,0.1636378,maximum
TCRR,0.36,spr,0.1436343,maximum
TCRR,0.38,spr,0.1256213,maximum
TCRR,0,spr,0.5047760,no_length
TCRR,0.02,spr,0.8725459,no_length
TCRR,0.04,spr,0.7612963,no_length
TCRR,0.06,spr,0.6641021,no_length
TCRR,0.08,spr,0.5791223,no_length
TCRR,0.1,spr,0.5047760,no_length
TCRR,0.12,spr,0.4397020,no_length
TCRR,0.14,spr,0.3827253,no_length
TCRR,0.16,spr,0.3328295,no_length
TCRR,0.18,spr,0.2891332,no_length
TCRR,0.2,spr,0.2508705,no_length
TCRR,0.22,spr,0.2173746,no_length
TCRR,0.24,spr,0.1880637,no_length
TCRR,0.26,spr,0.1624296,no_length
TCRR,0.28,spr,0.1400271,no_length
TCRR,0.3,spr,0.1204663,no_length
TCRR,0.32,spr,0.1034046,no_length
TCRR,0.34,spr,0.0885410,no_length
TCRR,0.36,spr,0.0756105,no_length
TCRR,0.38,spr,0.0643798,no_length
TCRR,0,spr,0.5932893,protected_slot
TCRR,0.02,spr,0.9035545,protected_slot
TCRR,0.04,spr,0.8152691,protected_slot
TCRR,0.06,spr,0.7345099,protected_slot
TCRR,0.08,spr,0.6606951,protected_slot
TCRR,0.1,spr,0.5932893,protected_slot
TCRR,0.12,spr,0.5317989,protected_slot
TCRR,0.14,spr,0.4757685,protected_slot
TCRR,0.16,spr,0.4247767,protected_slot
TCRR,0.18,spr,0.3784333,protected_slot
TCRR,0.2,spr,0.3363766,protected_slot
TCRR,0.22,spr,0.2982708,protected_slot
TCRR,0.24,spr,0.2638041,protected_slot
TCRR,0.26,spr,0.2326865,protected_slot
TCRR,0.28,spr,0.2046482,protected_slot
TCRR,0.3,spr,0.1794383,protected_slot
TCRR,0.32,spr,0.1568230,protected_slot
TCRR,0.34,spr,0.1365848,protected_slot
TCRR,0.36,spr,0.1185212,protected_slot
TCRR,0.38,spr,0.1024437,protected_slot
TCRR,0,yield,0.1503913,maximum
TCRR,0.02,yield,0.0350119,maximum
TCRR,0.04,yield,0.0674201,maximum
TCRR,0.06,yield,0.0973643,maximum
TCRR,0.08,yield,0.1249783,maximum
TCRR,0.1,yield,0.1503913,maximum
TCRR,0.12,yield,0.1737269,maximum
TCRR,0.14,yield,0.1951041,maximum
TCRR,0.16,yield,0.2146368,maximum
TCRR,0.18,yield,0.2324345,maximum
TCRR,0.2,yield,0.2486018,maximum
TCRR,0.22,yield,0.2632390,maximum
TCRR,0.24,yield,0.2764422,maximum
TCRR,0.26,yield,0.2883029,maximum
TCRR,0.28,yield,0.2989088,maximum
TCRR,0.3,yield,0.3083435,maximum
TCRR,0.32,yield,0.3166867,maximum
TCRR,0.34,yield,0.3240142,maximum
TCRR,0.36,yield,0.3303984,maximum
TCRR,0.38,yield,0.3359079,maximum
TCRR,0,yield,0.2008126,no_length
TCRR,0.02,yield,0.0521598,no_length
TCRR,0.04,yield,0.0974768,no_length
TCRR,0.06,yield,0.1368593,no_length
TCRR,0.08,yield,0.1710831,no_length
TCRR,0.1,yield,0.2008126,no_length
TCRR,0.12,yield,0.2266188,no_length
TCRR,0.14,yield,0.2489938,no_length
TCRR,0.16,yield,0.2683629,no_length
TCRR,0.18,yield,0.2850944,no_length
TCRR,0.2,yield,0.2995084,no_length
TCRR,0.22,yield,0.3118835,no_length
TCRR,0.24,yield,0.3224627,no_length
TCRR,0.26,yield,0.3314586,no_length
TCRR,0.28,yield,0.3390574,no_length
TCRR,0.3,yield,0.3454227,no_length
TCRR,0.32,yield,0.3506980,no_length
TCRR,0.34,yield,0.3550101,no_length
TCRR,0.36,yield,0.3584704,no_length
TCRR,0.38,yield,0.3611776,no_length
TCRR,0,yield,0.0949597,protected_slot
TCRR,0.02,yield,0.0246971,protected_slot
TCRR,0.04,yield,0.0462797,protected_slot
TCRR,0.06,yield,0.0650211,protected_slot
TCRR,0.08,yield,0.0811714,protected_slot
TCRR,0.1,yield,0.0949597,protected_slot
TCRR,0.12,yield,0.1065964,protected_slot
TCRR,0.14,yield,0.1162748,protected_slot
TCRR,0.16,yield,0.1241735,protected_slot
TCRR,0.18,yield,0.1304569,protected_slot
TCRR,0.2,yield,0.1352773,protected_slot
TCRR,0.22,yield,0.1387752,protected_slot
TCRR,0.24,yield,0.1410809,protected_slot
TCRR,0.26,yield,0.1423151,protected_slot
TCRR,0.28,yield,0.1425895,protected_slot
TCRR,0.3,yield,0.1420077,protected_slot
TCRR,0.32,yield,0.1406658,protected_slot
TCRR,0.34,yield,0.1386526,protected_slot
TCRR,0.36,yield,0.1360506,protected_slot
TCRR,0.38,yield,0.1329359,protected_slot
WLFC,0,bfm,151.799033,maximum
WLFC,0.02,bfm,131.7806165,maximum
WLFC,0.04,bfm,114.0690005,maximum
WLFC,0.06,bfm,98.43827172,maximum
WLFC,0.08,bfm,84.68057463,maximum
WLFC,0.1,bfm,72.6050069,maximum
WLFC,0.12,bfm,62.03656034,maximum
WLFC,0.14,bfm,52.81510696,maximum
WLFC,0.16,bfm,44.79442925,maximum
WLFC,0.18,bfm,37.84129337,maximum
WLFC,0.2,bfm,31.83456456,maximum
WLFC,0.22,bfm,26.66436366,maximum
WLFC,0.24,bfm,22.23126374,maximum
WLFC,0.26,bfm,18.44552595,maximum
WLFC,0.28,bfm,15.22637354,maximum
WLFC,0.3,bfm,12.5013031,maximum
WLFC,0.32,bfm,10.20543201,maximum
WLFC,0.34,bfm,8.280881192,maximum
WLFC,0.36,bfm,6.676192074,maximum
WLFC,0.38,bfm,5.345776918,maximum
WLFC,0,bfm,151.799033,no_length
WLFC,0.02,bfm,129.1450041,no_length
WLFC,0.04,bfm,109.5062405,no_length
WLFC,0.06,bfm,92.53197541,no_length
WLFC,0.08,bfm,77.90612866,no_length
WLFC,0.1,bfm,65.34450621,no_length
WLFC,0.12,bfm,54.5921731,no_length
WLFC,0.14,bfm,45.42099199,no_length
WLFC,0.16,bfm,37.62732057,no_length
WLFC,0.18,bfm,31.02986056,no_length
WLFC,0.2,bfm,25.46765165,no_length
WLFC,0.22,bfm,20.79820366,no_length
WLFC,0.24,bfm,16.89576044,no_length
WLFC,0.26,bfm,13.6496892,no_length
WLFC,0.28,bfm,10.96298895,no_length
WLFC,0.3,bfm,8.750912172,no_length
WLFC,0.32,bfm,6.93969377,no_length
WLFC,0.34,bfm,5.465381587,no_length
WLFC,0.36,bfm,4.272762928,no_length
WLFC,0.38,bfm,3.314381689,no_length
WLFC,0,bfm,151.799033,protected_slot
WLFC,0.02,bfm,142.8720355,protected_slot
WLFC,0.04,bfm,134.3020693,protected_slot
WLFC,0.06,bfm,126.081848,protected_slot
WLFC,0.08,bfm,118.2040854,protected_slot
WLFC,0.1,bfm,110.6614951,protected_slot
WLFC,0.12,bfm,103.4467906,protected_slot
WLFC,0.14,bfm,96.55268573,protected_slot
WLFC,0.16,bfm,89.97189405,protected_slot
WLFC,0.18,bfm,83.69712922,protected_slot
WLFC,0.2,bfm,77.72110489,protected_slot
WLFC,0.22,bfm,72.0365347,protected_slot
WLFC,0.24,bfm,66.63613231,protected_slot
WLFC,0.26,bfm,61.51261135,protected_slot
WLFC,0.28,bfm,56.65868547,protected_slot
WLFC,0.3,bfm,52.06706832,protected_slot
WLFC,0.32,bfm,47.73047354,protected_slot
WLFC,0.34,bfm,43.64161479,protected_slot
WLFC,0.36,bfm,39.7932057,protected_slot
WLFC,0.38,bfm,36.17795994,protected_slot
WLFC,0,spr,0.4797359,maximum
WLFC,0.02,spr,0.8669932,maximum
WLFC,0.04,spr,0.7501438,maximum
WLFC,0.06,spr,0.6476880,maximum
WLFC,0.08,spr,0.5580316,maximum
WLFC,0.1,spr,0.4797359,maximum
WLFC,0.12,spr,0.4115047,maximum
WLFC,0.14,spr,0.3521721,maximum
WLFC,0.16,spr,0.3006917,maximum
WLFC,0.18,spr,0.2561252,maximum
WLFC,0.2,spr,0.2176338,maximum
WLFC,0.22,spr,0.1844683,maximum
WLFC,0.24,spr,0.1559615,maximum
WLFC,0.26,spr,0.1315201,maximum
WLFC,0.28,spr,0.1106177,maximum
WLFC,0.3,spr,0.0927884,maximum
WLFC,0.32,spr,0.0776210,maximum
WLFC,0.34,spr,0.0647529,maximum
WLFC,0.36,spr,0.0538658,maximum
WLFC,0.38,spr,0.0446805,maximum
WLFC,0,spr,0.3505188,no_length
WLFC,0.02,spr,0.8035719,no_length
WLFC,0.04,spr,0.6486914,no_length
WLFC,0.06,spr,0.5260463,no_length
WLFC,0.08,spr,0.4284877,no_length
WLFC,0.1,spr,0.3505188,no_length
WLFC,0.12,spr,0.2879061,no_length
WLFC,0.14,spr,0.2373809,no_length
WLFC,0.16,spr,0.1964130,no_length
WLFC,0.18,spr,0.1630374,no_length
WLFC,0.2,spr,0.1357226,no_length
WLFC,0.22,spr,0.1132703,no_length
WLFC,0.24,spr,0.0947386,no_length
WLFC,0.26,spr,0.0793841,no_length
WLFC,0.28,spr,0.0666170,no_length
WLFC,0.3,spr,0.0559670,no_length
WLFC,0.32,spr,0.0470573,no_length
WLFC,0.34,spr,0.0395844,no_length
WLFC,0.36,spr,0.0333027,no_length
WLFC,0.38,spr,0.0280122,no_length
WLFC,0,spr,0.4238718,protected_slot
WLFC,0.02,spr,0.8445798,protected_slot
WLFC,0.04,spr,0.7124674,protected_slot
WLFC,0.06,spr,0.6001976,protected_slot
WLFC,0.08,spr,0.5048311,protected_slot
WLFC,0.1,spr,0.4238718,protected_slot
WLFC,0.12,spr,0.3551979,protected_slot
WLFC,0.14,spr,0.2970029,protected_slot
WLFC,0.16,spr,0.2477472,protected_slot
WLFC,0.18,spr,0.2061173,protected_slot
WLFC,0.2,spr,0.1709908,protected_slot
WLFC,0.22,spr,0.1414083,protected_slot
WLFC,0.24,spr,0.1165485,protected_slot
WLFC,0.26,spr,0.0957081,protected_slot
WLFC,0.28,spr,0.0782842,protected_slot
WLFC,0.3,spr,0.0637604,protected_slot
WLFC,0.32,spr,0.0516936,protected_slot
WLFC,0.34,spr,0.0417044,protected_slot
WLFC,0.36,spr,0.0334677,protected_slot
WLFC,0.38,spr,0.0267051,protected_slot
WLFC,0,yield,0.3923831,maximum
WLFC,0.02,yield,0.1061587,maximum
WLFC,0.04,yield,0.1967096,maximum
WLFC,0.06,yield,0.2735122,maximum
WLFC,0.08,yield,0.3382372,maximum
WLFC,0.1,yield,0.3923831,maximum
WLFC,0.12,yield,0.4372907,maximum
WLFC,0.14,yield,0.4741574,maximum
WLFC,0.16,yield,0.5040501,maximum
WLFC,0.18,yield,0.5279171,maximum
WLFC,0.2,yield,0.5465992,maximum
WLFC,0.22,yield,0.5608401,maximum
WLFC,0.24,yield,0.5712955,maximum
WLFC,0.26,yield,0.5785420,maximum
WLFC,0.28,yield,0.5830852,maximum
WLFC,0.3,yield,0.5853665,maximum
WLFC,0.32,yield,0.5857706,maximum
WLFC,0.34,yield,0.5846308,maximum
WLFC,0.36,yield,0.5822352,maximum
WLFC,0.38,yield,0.5788315,maximum
WLFC,0,yield,0.5940014,no_length
WLFC,0.02,yield,0.2151944,no_length
WLFC,0.04,yield,0.3665506,no_length
WLFC,0.06,yield,0.4721201,no_length
WLFC,0.08,yield,0.5448449,no_length
WLFC,0.1,yield,0.5940014,no_length
WLFC,0.12,yield,0.6262405,no_length
WLFC,0.14,yield,0.6463352,no_length
WLFC,0.16,yield,0.6577158,no_length
WLFC,0.18,yield,0.6628527,no_length
WLFC,0.2,yield,0.6635297,no_length
WLFC,0.22,yield,0.6610382,no_length
WLFC,0.24,yield,0.6563165,no_length
WLFC,0.26,yield,0.6500480,no_length
WLFC,0.28,yield,0.6427322,no_length
WLFC,0.3,yield,0.6347348,no_length
WLFC,0.32,yield,0.6263239,no_length
WLFC,0.34,yield,0.6176962,no_length
WLFC,0.36,yield,0.6089954,no_length
WLFC,0.38,yield,0.6003264,no_length
WLFC,0,yield,0.3333693,protected_slot
WLFC,0.02,yield,0.1155122,protected_slot
WLFC,0.04,yield,0.2004947,protected_slot
WLFC,0.06,yield,0.2617598,protected_slot
WLFC,0.08,yield,0.3046543,protected_slot
WLFC,0.1,yield,0.3333693,protected_slot
WLFC,0.12,yield,0.3511863,protected_slot
WLFC,0.14,yield,0.3606719,protected_slot
WLFC,0.16,yield,0.3638317,protected_slot
WLFC,0.18,yield,0.3622313,protected_slot
WLFC,0.2,yield,0.3570917,protected_slot
WLFC,0.22,yield,0.3493641,protected_slot
WLFC,0.24,yield,0.3397888,protected_slot
WLFC,0.26,yield,0.3289403,protected_slot
WLFC,0.28,yield,0.3172642,protected_slot
WLFC,0.3,yield,0.3051040,protected_slot
WLFC,0.32,yield,0.2927242,protected_slot
WLFC,0.34,yield,0.2803265,protected_slot
WLFC,0.36,yield,0.2680633,protected_slot
WLFC,0.38,yield,0.2560488,protected_slot
